"0","Abomination","5","9","1","If neither side controls Abomination, both Factions must Wound 9 POW worth of their stationed Agents. If you control Abomination, this Ploy only affects your opponent.","true","Hero:false;Villain:true;On-Reveal:false;Ongoing:false;Move:false;Discard:false;Destroy:false;Vanilla:true;Avenger:false;Hydra:false;Fantastic Four:false;X-Men:false;Guardians of the Galaxy:false;Spider-Man Rogues Gallery:false;Resists Wounds:false;","false","false"
"1","Absorbing Man","4","3","3","Repeat last month’s Ploy. If you control Absorbing Man, you control this Ploy. No effect if this is the first Ploy of the Campaign.","true","Hero:false;Villain:true;On-Reveal:true;Ongoing:false;Move:false;Discard:false;Destroy:false;Vanilla:false;Avenger:false;Hydra:false;Fantastic Four:false;X-Men:false;Guardians of the Galaxy:false;Spider-Man Rogues Gallery:false;Resists Wounds:false;","false","false"
"2","Adam Warlock","2","0","3","Whichever Faction has more Influence this month gains a free Recruit.","true","Hero:true;Villain:false;On-Reveal:false;Ongoing:false;Move:false;Discard:false;Destroy:false;Vanilla:false;Avenger:false;Hydra:false;Fantastic Four:false;X-Men:false;Guardians of the Galaxy:true;Spider-Man Rogues Gallery:false;Resists Wounds:false;","false","false"
"3","Aero","5","8","3","Target two random unowned Locations, one for each Faction. Two random Agents from each Faction are moved to those Locations, gaining ownership over them. If you control Aero, this Ploy only applies to you.","true","Hero:true;Villain:false;On-Reveal:true;Ongoing:false;Move:true;Discard:false;Destroy:false;Vanilla:false;Avenger:false;Hydra:false;Fantastic Four:false;X-Men:false;Guardians of the Galaxy:false;Spider-Man Rogues Gallery:false;Resists Wounds:false;","false","false"
"4","Agatha Harkness","6","14","3","Both Factions' Squads are constructed by Agatha this month. This Ploy cannot be negated. If you own Agatha, she will put herself on your Team.","true","Hero:false;Villain:true;On-Reveal:false;Ongoing:false;Move:false;Discard:false;Destroy:false;Vanilla:false;Avenger:false;Hydra:false;Fantastic Four:false;X-Men:false;Guardians of the Galaxy:false;Spider-Man Rogues Gallery:false;Resists Wounds:false;","false","false"
"5","Agent 13","1","2","2","Both Factions receive a free Merc this month. If you control Agent 13, only you receive one.","true","Hero:true;Villain:false;On-Reveal:true;Ongoing:false;Move:false;Discard:false;Destroy:false;Vanilla:false;Avenger:false;Hydra:false;Fantastic Four:false;X-Men:false;Guardians of the Galaxy:false;Spider-Man Rogues Gallery:false;Resists Wounds:false;","false","false"
"6","Agent Coulson","3","4","3","SHIELD receives a free 4 and 5-cost Merc this month. If HYDRA controls Agent Coulson, HYDRA receives a free Recruit instead.","true","Hero:true;Villain:false;On-Reveal:true;Ongoing:false;Move:false;Discard:false;Destroy:false;Vanilla:false;Avenger:false;Hydra:false;Fantastic Four:false;X-Men:false;Guardians of the Galaxy:false;Spider-Man Rogues Gallery:false;Resists Wounds:false;","false","false"
"7","America Chavez","6","9","1","Both Squads must contain at least one Agent of each cost (1 to 6) this month.","true","Hero:true;Villain:false;On-Reveal:false;Ongoing:false;Move:false;Discard:false;Destroy:false;Vanilla:false;Avenger:false;Hydra:false;Fantastic Four:false;X-Men:false;Guardians of the Galaxy:false;Spider-Man Rogues Gallery:false;Resists Wounds:false;","false","false"
"8","Angel","1","2","1","The next time an Agent would be Wounded this month, Angel is Wounded instead. If you control Angel, this Ploy only applies to you.","true","Hero:true;Villain:false;On-Reveal:false;Ongoing:false;Move:false;Discard:false;Destroy:true;Vanilla:false;Avenger:false;Hydra:false;Fantastic Four:false;X-Men:true;Guardians of the Galaxy:false;Spider-Man Rogues Gallery:false;Resists Wounds:false;","false","false"
"9","Angela","2","0","1","Reveal a random stationed Agent for each Faction. Those Agents must be added to their respective Squads this month. If either is Captured, the Captor receives 3 additional Influence next month.","true","Hero:true;Villain:false;On-Reveal:false;Ongoing:false;Move:false;Discard:false;Destroy:false;Vanilla:false;Avenger:false;Hydra:false;Fantastic Four:false;X-Men:false;Guardians of the Galaxy:false;Spider-Man Rogues Gallery:false;Resists Wounds:false;","false","false"
"10","Ant-Man","1","1","1","This month, Squads have a max cost limit of 20.","true","Hero:true;Villain:false;On-Reveal:false;Ongoing:true;Move:false;Discard:false;Destroy:false;Vanilla:false;Avenger:true;Hydra:false;Fantastic Four:true;X-Men:false;Guardians of the Galaxy:false;Spider-Man Rogues Gallery:false;Resists Wounds:false;","false","false"
"11","Apocalypse","6","8","1","Both Factions must Eliminate one of their Agents. That Agent is revived on the opponent's side.","true","Hero:false;Villain:true;On-Reveal:false;Ongoing:false;Move:false;Discard:true;Destroy:false;Vanilla:false;Avenger:false;Hydra:false;Fantastic Four:false;X-Men:false;Guardians of the Galaxy:false;Spider-Man Rogues Gallery:false;Resists Wounds:false;","false","false"
"12","Armor","2","3","1","This month, Agents cannot be Wounded.","true","Hero:true;Villain:false;On-Reveal:false;Ongoing:true;Move:false;Discard:false;Destroy:false;Vanilla:false;Avenger:false;Hydra:false;Fantastic Four:false;X-Men:true;Guardians of the Galaxy:false;Spider-Man Rogues Gallery:false;Resists Wounds:true;","false","false"
"13","Arnim Zola","6","0","3","HYDRA gains 3 random Mercs. If SHIELD controls Arnim Zola, a random HYDRA Location is destroyed instead.","true","Hero:false;Villain:true;On-Reveal:true;Ongoing:false;Move:false;Discard:false;Destroy:true;Vanilla:false;Avenger:false;Hydra:true;Fantastic Four:false;X-Men:false;Guardians of the Galaxy:false;Spider-Man Rogues Gallery:false;Resists Wounds:false;","false","false"
"14","Baron Mordo","2","3","3","A random stationed Agent is chosen for both Factions. Those Agents cannot be added to the Squad this month. If you control Baron Mordo, this Ploy only affects your opponent.","true","Hero:false;Villain:true;On-Reveal:true;Ongoing:false;Move:false;Discard:false;Destroy:false;Vanilla:false;Avenger:false;Hydra:false;Fantastic Four:false;X-Men:false;Guardians of the Galaxy:false;Spider-Man Rogues Gallery:false;Resists Wounds:false;","false","false"
"15","Beast","3","4","3","Select one random Location owned by each Faction. Return Agents in those Locations to HQ. If you own Beast, this Ploy only affects your opponent.","true","Hero:true;Villain:false;On-Reveal:true;Ongoing:false;Move:false;Discard:false;Destroy:false;Vanilla:false;Avenger:false;Hydra:false;Fantastic Four:false;X-Men:true;Guardians of the Galaxy:false;Spider-Man Rogues Gallery:false;Resists Wounds:false;","false","false"
"16","Bishop","3","1","1","This month, only fully occupied Locations count toward gaining Influence.","true","Hero:true;Villain:false;On-Reveal:false;Ongoing:false;Move:false;Discard:false;Destroy:false;Vanilla:false;Avenger:false;Hydra:false;Fantastic Four:false;X-Men:true;Guardians of the Galaxy:false;Spider-Man Rogues Gallery:false;Resists Wounds:false;","false","false"
"17","Black Bolt","5","7","3","Target a Location owned by each Faction. Wound all Agents stationed at those Locations. If you own Black Bolt, this Ploy only affects the opponent.","true","Hero:true;Villain:false;On-Reveal:true;Ongoing:false;Move:false;Discard:true;Destroy:false;Vanilla:false;Avenger:false;Hydra:false;Fantastic Four:false;X-Men:false;Guardians of the Galaxy:false;Spider-Man Rogues Gallery:false;Resists Wounds:false;","false","false"
"18","Black Cat","3","7","3","Both Factions lose 3 Cubes. If you control Black Cat, this Ploy only affects the opponent.","true","Hero:false;Villain:false;On-Reveal:false;Ongoing:false;Move:false;Discard:true;Destroy:false;Vanilla:false;Avenger:false;Hydra:false;Fantastic Four:false;X-Men:false;Guardians of the Galaxy:false;Spider-Man Rogues Gallery:false;Resists Wounds:false;","false","false"
"19","Black Widow","2","1","3","Reveal 1 stationed Agent in each Faction to be a ""sleeper agent."" Those Agents must be added to their respective Squads and must contribute to Seizing a Location this month or change allegiance at the end of this month.","true","Hero:true;Villain:false;On-Reveal:true;Ongoing:false;Move:false;Discard:false;Destroy:false;Vanilla:false;Avenger:true;Hydra:false;Fantastic Four:false;X-Men:false;Guardians of the Galaxy:false;Spider-Man Rogues Gallery:false;Resists Wounds:false;","false","false"
"20","Blade","1","3","1","Discard Agents are not allowed in either Squad this month. If you control Blade, this Ploy only applies to your opponent.","true","Hero:true;Villain:false;On-Reveal:true;Ongoing:false;Move:false;Discard:true;Destroy:false;Vanilla:false;Avenger:false;Hydra:false;Fantastic Four:false;X-Men:false;Guardians of the Galaxy:false;Spider-Man Rogues Gallery:false;Resists Wounds:false;","false","false"
"21","Blue Marvel","5","3","1","Whichever Faction has more stationed Agents gains 2 additional Influence this month.","true","Hero:true;Villain:false;On-Reveal:false;Ongoing:true;Move:false;Discard:false;Destroy:false;Vanilla:false;Avenger:true;Hydra:false;Fantastic Four:false;X-Men:false;Guardians of the Galaxy:false;Spider-Man Rogues Gallery:false;Resists Wounds:false;","false","false"
"22","Brood","3","2","3","This month, if you add an Agent from a Location to your Squad, you most also add any other Agents from that Location to your Squad (if possible).","true","Hero:false;Villain:true;On-Reveal:true;Ongoing:false;Move:false;Discard:false;Destroy:false;Vanilla:false;Avenger:false;Hydra:false;Fantastic Four:false;X-Men:false;Guardians of the Galaxy:false;Spider-Man Rogues Gallery:false;Resists Wounds:false;","false","false"
"23","Bucky Barnes","2","1","2","This month, Factions may Capture a Wounded Agent from the enemy Squad for free after the Battle. If you control Bucky Barnes, this Ploy only applies to you.","true","Hero:false;Villain:false;On-Reveal:false;Ongoing:false;Move:false;Discard:false;Destroy:true;Vanilla:false;Avenger:true;Hydra:false;Fantastic Four:false;X-Men:false;Guardians of the Galaxy:false;Spider-Man Rogues Gallery:false;Resists Wounds:true;","false","false"
"24","Cable","2","2","1","Each Faction must perform a Raid using up to 2 of their Agents on an unowned Location of choice, spending Influence equal to the Agents' total cost. If you control Cable, this Ploy only applies to you.","true","Hero:false;Villain:false;On-Reveal:true;Ongoing:false;Move:false;Discard:false;Destroy:false;Vanilla:false;Avenger:false;Hydra:false;Fantastic Four:false;X-Men:true;Guardians of the Galaxy:false;Spider-Man Rogues Gallery:false;Resists Wounds:false;","false","false"
"25","Captain America","3","3","1","SHIELD gains 2 Influence this month. If HYDRA controls Captain America, HYDRA gains 2 Influence and SHIELD loses 2 Influence instead.","true","Hero:true;Villain:false;On-Reveal:false;Ongoing:true;Move:false;Discard:false;Destroy:false;Vanilla:false;Avenger:true;Hydra:false;Fantastic Four:false;X-Men:false;Guardians of the Galaxy:false;Spider-Man Rogues Gallery:false;Resists Wounds:false;","false","false"
"26","Captain Marvel","5","6","3","Each Faction may name an Agent. Your opponent may not add that Agent to their Squad this month. If you control Captain Marvel, only you may name an Agent.","true","Hero:true;Villain:false;On-Reveal:false;Ongoing:false;Move:true;Discard:false;Destroy:false;Vanilla:false;Avenger:true;Hydra:false;Fantastic Four:false;X-Men:false;Guardians of the Galaxy:false;Spider-Man Rogues Gallery:false;Resists Wounds:false;","false","false"
"27","Carnage","2","2","1","Both Factions may choose 1 to 3 of their stationed Agents. Wound those Agents and gain 1 Influence this month for each. If you control Carnage, this effect only applies to you.","true","Hero:false;Villain:true;On-Reveal:true;Ongoing:false;Move:false;Discard:false;Destroy:true;Vanilla:false;Avenger:false;Hydra:false;Fantastic Four:false;X-Men:false;Guardians of the Galaxy:false;Spider-Man Rogues Gallery:true;Resists Wounds:false;","false","false"
"28","Cerebro","3","0","3","Each Faction chooses a number from 0 to 10 (You do not see your opponent’s number). You must then construct a Squad using your stationed Agents and including no Agents whose POW exceeds your chosen value. Whoever completes the challenge after choosing the lower number wins 4 cubes and may sub in a Clone of Cerebro. If the challenge results in a tie, both Factions may sub in a Clone of Cerebro and neither side wins Cubes. The Squad you create is what you will use this month for Battle. This Ploy cannot be negated.
","true","Hero:false;Villain:false;On-Reveal:false;Ongoing:true;Move:false;Discard:false;Destroy:false;Vanilla:false;Avenger:false;Hydra:false;Fantastic Four:false;X-Men:true;Guardians of the Galaxy:false;Spider-Man Rogues Gallery:false;Resists Wounds:false;","false","false"
"29","Cloak","2","4","2","Both Factions may move Agents from HQ to empty spaces in their owned Locations, ignoring Location restrictions.","true","Hero:false;Villain:false;On-Reveal:true;Ongoing:false;Move:true;Discard:false;Destroy:false;Vanilla:false;Avenger:false;Hydra:false;Fantastic Four:false;X-Men:false;Guardians of the Galaxy:false;Spider-Man Rogues Gallery:false;Resists Wounds:false;","false","false"
"30","Colleen Wing","2","4","3","Wound a random lowest-cost stationed Agent on each side. If you control Colleen Wing, this Ploy only affects your opponent.","true","Hero:true;Villain:false;On-Reveal:true;Ongoing:false;Move:false;Discard:true;Destroy:false;Vanilla:false;Avenger:false;Hydra:false;Fantastic Four:false;X-Men:false;Guardians of the Galaxy:false;Spider-Man Rogues Gallery:false;Resists Wounds:false;","false","false"
"31","Colossus","2","3","1","Agents cannot be Eliminated this month due to Wounds.","true","Hero:true;Villain:false;On-Reveal:false;Ongoing:true;Move:false;Discard:false;Destroy:false;Vanilla:false;Avenger:false;Hydra:false;Fantastic Four:false;X-Men:true;Guardians of the Galaxy:false;Spider-Man Rogues Gallery:false;Resists Wounds:true;","false","false"
"32","Cosmo","3","3","1","On-Reveal Agents cannot be added to either  this month.","true","Hero:true;Villain:false;On-Reveal:false;Ongoing:true;Move:false;Discard:false;Destroy:false;Vanilla:false;Avenger:false;Hydra:false;Fantastic Four:false;X-Men:false;Guardians of the Galaxy:true;Spider-Man Rogues Gallery:false;Resists Wounds:false;","false","false"
"33","Crossbones","4","8","3","Destroy a random SHIELD location. If SHIELD controls Crossbones, SHIELD Captures a random stationed HYDRA agent instead.","true","Hero:false;Villain:true;On-Reveal:false;Ongoing:false;Move:false;Discard:false;Destroy:false;Vanilla:false;Avenger:false;Hydra:true;Fantastic Four:false;X-Men:false;Guardians of the Galaxy:false;Spider-Man Rogues Gallery:false;Resists Wounds:false;","false","false"
"34","Crystal","4","4","3","Replace one Location owned by each Faction with a random Free Location, transferring any stationed Agents to the new Location. If you control Crystal, you may choose which Location you will gain and which you will replace.","true","Hero:true;Villain:false;On-Reveal:true;Ongoing:false;Move:false;Discard:false;Destroy:false;Vanilla:false;Avenger:true;Hydra:false;Fantastic Four:true;X-Men:false;Guardians of the Galaxy:false;Spider-Man Rogues Gallery:false;Resists Wounds:false;","false","false"
"35","Cyclops","3","4","1","Both Squads may only consist of X-Men this month. All unowned X-Men become Mercs for both Factions.","true","Hero:true;Villain:false;On-Reveal:false;Ongoing:false;Move:false;Discard:false;Destroy:false;Vanilla:true;Avenger:false;Hydra:false;Fantastic Four:false;X-Men:true;Guardians of the Galaxy:false;Spider-Man Rogues Gallery:false;Resists Wounds:false;","false","false"
"36","Dagger","2","2","2","This month, Factions gain 1 Cube each time they Seize a Location. If you control Dagger, this Ploy only applies to you.","true","Hero:false;Villain:false;On-Reveal:false;Ongoing:false;Move:true;Discard:false;Destroy:false;Vanilla:false;Avenger:false;Hydra:false;Fantastic Four:false;X-Men:false;Guardians of the Galaxy:false;Spider-Man Rogues Gallery:false;Resists Wounds:false;","false","false"
"37","Daredevil","2","2","3","Daredevil launches a Raid on a random Location. If She-Hulk and/or Elektra are Free Agents, they join him. If you control Daredevil, you may choose the Location and send She-Hulk/Elektra if you own them. The defender reveals first.","true","Hero:true;Villain:false;On-Reveal:false;Ongoing:false;Move:false;Discard:false;Destroy:false;Vanilla:false;Avenger:true;Hydra:false;Fantastic Four:false;X-Men:false;Guardians of the Galaxy:false;Spider-Man Rogues Gallery:false;Resists Wounds:false;","false","false"
"38","Deadpool","1","1","3","All Stationed Wounded Agents must be added to the Squad this month.","true","Hero:false;Villain:false;On-Reveal:false;Ongoing:false;Move:false;Discard:false;Destroy:true;Vanilla:false;Avenger:false;Hydra:false;Fantastic Four:false;X-Men:false;Guardians of the Galaxy:false;Spider-Man Rogues Gallery:false;Resists Wounds:true;","false","false"
"39","Death","8","12","3","Both Factions gain Cubes equal to the number of Wounded Agents they control.","true","Hero:false;Villain:false;On-Reveal:false;Ongoing:false;Move:false;Discard:false;Destroy:true;Vanilla:false;Avenger:false;Hydra:false;Fantastic Four:false;X-Men:false;Guardians of the Galaxy:false;Spider-Man Rogues Gallery:false;Resists Wounds:true;","false","false"
"40","Deathlok","3","5","1","Each Faction may Wound up to 3 of their stationed Agents to gain 1 Cube for each Wounded. If you control Deathlok, this Ploy only applies to you.","true","Hero:false;Villain:false;On-Reveal:true;Ongoing:false;Move:false;Discard:false;Destroy:true;Vanilla:false;Avenger:false;Hydra:false;Fantastic Four:false;X-Men:false;Guardians of the Galaxy:false;Spider-Man Rogues Gallery:false;Resists Wounds:false;","false","false"
"41","Debrii","3","3","3","Neither Faction can retreat from the first round this month.","true","Hero:true;Villain:false;On-Reveal:true;Ongoing:false;Move:false;Discard:false;Destroy:false;Vanilla:false;Avenger:false;Hydra:false;Fantastic Four:false;X-Men:false;Guardians of the Galaxy:false;Spider-Man Rogues Gallery:false;Resists Wounds:false;","false","false"
"42","Destroyer","6","15","3","Wound all Stationed Agents. No Agents may be Eliminated by this Ploy.","true","Hero:false;Villain:true;On-Reveal:true;Ongoing:false;Move:false;Discard:false;Destroy:true;Vanilla:false;Avenger:false;Hydra:false;Fantastic Four:false;X-Men:false;Guardians of the Galaxy:false;Spider-Man Rogues Gallery:false;Resists Wounds:false;","false","false"
"43","Devil Dinosaur","5","3","1","Whichever Faction has more Agents in their HQ this month gains 2 additional Influence.","true","Hero:false;Villain:false;On-Reveal:false;Ongoing:true;Move:false;Discard:false;Destroy:false;Vanilla:false;Avenger:false;Hydra:false;Fantastic Four:false;X-Men:false;Guardians of the Galaxy:false;Spider-Man Rogues Gallery:false;Resists Wounds:false;","false","false"
"44","Doctor Doom","6","5","3","2 DoomBots Raid a random Location. If you control Doom, you may instead choose up to 2 separate Locations to send the DoomBots for the Raid.","true","Hero:false;Villain:true;On-Reveal:true;Ongoing:false;Move:false;Discard:false;Destroy:false;Vanilla:false;Avenger:false;Hydra:false;Fantastic Four:false;X-Men:false;Guardians of the Galaxy:false;Spider-Man Rogues Gallery:false;Resists Wounds:false;","false","false"
"45","Doctor Octopus","5","10","3","Select one Random Location owned by each Faction. Agents in those Locations must be added to the respective Squads, if possible. If you control Doctor Octopus, this Ploy only targets your opponent.","true","Hero:false;Villain:true;On-Reveal:true;Ongoing:false;Move:false;Discard:false;Destroy:false;Vanilla:false;Avenger:false;Hydra:false;Fantastic Four:false;X-Men:false;Guardians of the Galaxy:false;Spider-Man Rogues Gallery:true;Resists Wounds:false;","false","false"
"46","Doctor Strange","3","3","1","Send the stationed Agent(s) with the highest Power away. If you control Doctor Strange, this Ploy only affects your opponent's highest POW Agents.","true","Hero:true;Villain:false;On-Reveal:true;Ongoing:false;Move:true;Discard:false;Destroy:false;Vanilla:false;Avenger:true;Hydra:false;Fantastic Four:false;X-Men:false;Guardians of the Galaxy:false;Spider-Man Rogues Gallery:false;Resists Wounds:false;","false","false"
"47","Domino","2","3","1","Flip four coins. Each Faction calls two of them. Whoever calls a coin correctly gains a Cube. Otherwise the opponent gains one. If you control Domino, you may call your coins after seeing the result.","true","Hero:true;Villain:false;On-Reveal:false;Ongoing:false;Move:false;Discard:false;Destroy:false;Vanilla:false;Avenger:false;Hydra:false;Fantastic Four:false;X-Men:true;Guardians of the Galaxy:false;Spider-Man Rogues Gallery:false;Resists Wounds:false;","false","false"
"48","Dracula","4","0","3","Each Faction may choose to Eliminate a random stationed Agent to gain Influence equal to twice its cost. If you control Dracula, you may choose which Agent to Eliminate.","true","Hero:false;Villain:true;On-Reveal:false;Ongoing:false;Move:false;Discard:true;Destroy:false;Vanilla:false;Avenger:false;Hydra:false;Fantastic Four:false;X-Men:false;Guardians of the Galaxy:false;Spider-Man Rogues Gallery:false;Resists Wounds:false;","false","false"
"49","Drax","4","6","3","Drax launches a Raid on a random Location. Drax Wounds targets instead of Capturing them. If you control Drax, you choose the target Location.","true","Hero:true;Villain:false;On-Reveal:true;Ongoing:false;Move:false;Discard:false;Destroy:false;Vanilla:false;Avenger:false;Hydra:false;Fantastic Four:false;X-Men:false;Guardians of the Galaxy:true;Spider-Man Rogues Gallery:false;Resists Wounds:false;","false","false"
"50","Ebony Maw","1","7","3","Each Faction may only add one 1-cost Agent to their Squad this month.","true","Hero:false;Villain:true;On-Reveal:false;Ongoing:true;Move:false;Discard:false;Destroy:false;Vanilla:false;Avenger:false;Hydra:false;Fantastic Four:false;X-Men:false;Guardians of the Galaxy:false;Spider-Man Rogues Gallery:false;Resists Wounds:false;","false","false"
"51","Electro","3","2","3","Each Faction gains 4 Influnce. Neither Faction may Recruit this month.","true","Hero:false;Villain:true;On-Reveal:true;Ongoing:true;Move:false;Discard:false;Destroy:false;Vanilla:false;Avenger:false;Hydra:false;Fantastic Four:false;X-Men:false;Guardians of the Galaxy:false;Spider-Man Rogues Gallery:true;Resists Wounds:false;","false","false"
"52","Elektra","1","1","1","Wound a random 1-cost Agent owned by each Faction. If you control Elektra, this Ploy only targets the opponent.","true","Hero:false;Villain:false;On-Reveal:true;Ongoing:false;Move:false;Discard:false;Destroy:true;Vanilla:false;Avenger:false;Hydra:false;Fantastic Four:false;X-Men:false;Guardians of the Galaxy:false;Spider-Man Rogues Gallery:false;Resists Wounds:false;","false","false"
"53","Enchantress","4","5","1","Ongoing Agents cannot be added to Squads this month.","true","Hero:false;Villain:true;On-Reveal:true;Ongoing:false;Move:false;Discard:false;Destroy:false;Vanilla:false;Avenger:false;Hydra:false;Fantastic Four:false;X-Men:false;Guardians of the Galaxy:false;Spider-Man Rogues Gallery:false;Resists Wounds:false;","false","false"
"54","Falcon","2","3","3","Return all 1-cost Agents to HQ.","true","Hero:true;Villain:false;On-Reveal:true;Ongoing:false;Move:false;Discard:false;Destroy:false;Vanilla:false;Avenger:true;Hydra:false;Fantastic Four:false;X-Men:false;Guardians of the Galaxy:false;Spider-Man Rogues Gallery:false;Resists Wounds:false;","false","false"
"55","Forge","2","1","1","Both Factions gain 1 Influence this month. If you control Forge, you gain an additional 2 Influence.","true","Hero:true;Villain:false;On-Reveal:true;Ongoing:false;Move:false;Discard:false;Destroy:false;Vanilla:false;Avenger:false;Hydra:false;Fantastic Four:false;X-Men:true;Guardians of the Galaxy:false;Spider-Man Rogues Gallery:false;Resists Wounds:false;","false","false"
"56","Gambit","3","3","3","Each Faction chooses an Agent. Wound that Agent and a random enemy Agent. If you control Gambit, only you may choose an Agent.","true","Hero:true;Villain:false;On-Reveal:true;Ongoing:false;Move:false;Discard:true;Destroy:true;Vanilla:false;Avenger:false;Hydra:false;Fantastic Four:false;X-Men:true;Guardians of the Galaxy:false;Spider-Man Rogues Gallery:false;Resists Wounds:false;","false","false"
"57","Gamora","5","7","1","This month, all Guardians of the Galaxy are considered Captains. If you control Gamora, this Ploy only applies to you.","true","Hero:true;Villain:false;On-Reveal:true;Ongoing:false;Move:false;Discard:false;Destroy:false;Vanilla:false;Avenger:false;Hydra:false;Fantastic Four:false;X-Men:false;Guardians of the Galaxy:true;Spider-Man Rogues Gallery:false;Resists Wounds:false;","false","false"
"58","Ghost Rider","4","3","3","Each Faction revives one Eliminated Agent. If you control Ghost Rider, this Ploy only applies to you.","true","Hero:false;Villain:false;On-Reveal:true;Ongoing:false;Move:false;Discard:true;Destroy:false;Vanilla:false;Avenger:true;Hydra:false;Fantastic Four:false;X-Men:false;Guardians of the Galaxy:false;Spider-Man Rogues Gallery:false;Resists Wounds:true;","false","false"
"59","Giganto","6","14","3","Both Faction must add at least one of their highest-POW stationed Agents to their Squad this month.","true","Hero:false;Villain:true;On-Reveal:false;Ongoing:false;Move:false;Discard:false;Destroy:false;Vanilla:false;Avenger:false;Hydra:false;Fantastic Four:false;X-Men:false;Guardians of the Galaxy:false;Spider-Man Rogues Gallery:false;Resists Wounds:false;","false","false"
"60","Goose","2","2","3","Agents that are 4-cost and higher cannot be added to Squads this month.","true","Hero:false;Villain:false;On-Reveal:false;Ongoing:true;Move:false;Discard:false;Destroy:false;Vanilla:false;Avenger:false;Hydra:false;Fantastic Four:false;X-Men:false;Guardians of the Galaxy:false;Spider-Man Rogues Gallery:false;Resists Wounds:false;","false","false"
"61","Green Goblin","3","-3","3","A random Agent in either HQ is added to the opponent's Squad this month. If you control Green Goblin, instead choose an Agent in your HQ to add to your opponent's Squad this month. This Agent returns to its original Faction at the end of the month.","true","Hero:false;Villain:true;On-Reveal:true;Ongoing:false;Move:false;Discard:false;Destroy:false;Vanilla:false;Avenger:false;Hydra:false;Fantastic Four:false;X-Men:false;Guardians of the Galaxy:false;Spider-Man Rogues Gallery:true;Resists Wounds:false;","false","false"
"62","Groot","3","4","1","All owned Guardians of the Galaxy (stationed or HQ) must be added to their controller's Squad this month.","true","Hero:true;Villain:false;On-Reveal:true;Ongoing:false;Move:false;Discard:false;Destroy:false;Vanilla:false;Avenger:false;Hydra:false;Fantastic Four:false;X-Men:false;Guardians of the Galaxy:true;Spider-Man Rogues Gallery:false;Resists Wounds:false;","false","false"
"63","Hawkeye","1","1","1","Hawkeye launches a Raid on a random Location. If Black Widow, Captain America, Iron Man, Thor, and/or Hulk are Free Agents or on the same side as Hawkeye, those Agents join Hawkeye in the Raid. If you control Hawkeye, you choose the target Location.","true","Hero:true;Villain:false;On-Reveal:true;Ongoing:false;Move:false;Discard:false;Destroy:false;Vanilla:false;Avenger:true;Hydra:false;Fantastic Four:false;X-Men:false;Guardians of the Galaxy:false;Spider-Man Rogues Gallery:false;Resists Wounds:false;","false","false"
"64","Hazmat","2","2","3","All Actions cost 1 more Influence this month.","true","Hero:true;Villain:false;On-Reveal:true;Ongoing:false;Move:false;Discard:false;Destroy:false;Vanilla:false;Avenger:true;Hydra:false;Fantastic Four:false;X-Men:false;Guardians of the Galaxy:false;Spider-Man Rogues Gallery:false;Resists Wounds:false;","false","false"
"65","Heimdall","6","8","1","Move 4 random Agents to The Bifrost, (ignoring space limits). If Agents there are on opposite sides, a mock battle occurs. Cards are revealed in order of placement.","true","Hero:true;Villain:false;On-Reveal:true;Ongoing:false;Move:true;Discard:false;Destroy:false;Vanilla:false;Avenger:false;Hydra:false;Fantastic Four:false;X-Men:false;Guardians of the Galaxy:false;Spider-Man Rogues Gallery:false;Resists Wounds:false;","false","false"
"66","Hela","6","6","3","All Eliminated Agents become Mercs this month for their original owners. After this month, they return to the Grave.","true","Hero:false;Villain:true;On-Reveal:true;Ongoing:false;Move:false;Discard:true;Destroy:false;Vanilla:false;Avenger:false;Hydra:false;Fantastic Four:false;X-Men:false;Guardians of the Galaxy:false;Spider-Man Rogues Gallery:false;Resists Wounds:true;","false","false"
"67","Hellcow","4","6","3","Discarding does not inflict Wounds this month. If you control Hellcow, this Ploy only applies to you.","true","Hero:false;Villain:true;On-Reveal:false;Ongoing:false;Move:false;Discard:true;Destroy:false;Vanilla:false;Avenger:false;Hydra:false;Fantastic Four:false;X-Men:false;Guardians of the Galaxy:false;Spider-Man Rogues Gallery:false;Resists Wounds:false;","false","false"
"68","Hobgoblin","5","-8","2","Hobgoblin launches a Raid on a random Location. If Hobgoblin's side loses, all Agents on that side are Captured by Hobgoblin.","true","Hero:false;Villain:true;On-Reveal:true;Ongoing:false;Move:false;Discard:false;Destroy:false;Vanilla:false;Avenger:false;Hydra:false;Fantastic Four:false;X-Men:false;Guardians of the Galaxy:false;Spider-Man Rogues Gallery:true;Resists Wounds:false;","false","false"
"69","Hulk","6","12","1","If no Faction controls Hulk, both must Wound 12 POW worth of stationed Agents and destroy any Locations those Agents are stationed in. If you control Hulk, this Ploy only affects your opponent.","true","Hero:true;Villain:false;On-Reveal:false;Ongoing:false;Move:false;Discard:false;Destroy:false;Vanilla:true;Avenger:true;Hydra:false;Fantastic Four:false;X-Men:false;Guardians of the Galaxy:false;Spider-Man Rogues Gallery:false;Resists Wounds:false;","false","false"
"70","Hulkbuster","3","4","1","Send away a random stationed 6-cost Agent from each side. If you control Hulkbuster, this Ploy only affects your opponent.","true","Hero:false;Villain:false;On-Reveal:true;Ongoing:false;Move:false;Discard:false;Destroy:false;Vanilla:false;Avenger:true;Hydra:false;Fantastic Four:false;X-Men:false;Guardians of the Galaxy:false;Spider-Man Rogues Gallery:false;Resists Wounds:false;","false","false"
"71","Human Torch","1","2","3","Move Agents cannot be Wounded or Captured this month. If you control Human Torch, this Ploy only applies to you.","true","Hero:true;Villain:false;On-Reveal:false;Ongoing:false;Move:true;Discard:false;Destroy:false;Vanilla:false;Avenger:true;Hydra:false;Fantastic Four:true;X-Men:false;Guardians of the Galaxy:false;Spider-Man Rogues Gallery:false;Resists Wounds:false;","false","false"
"72","Iceman","1","2","2","Freeze a random Location. That Location's effect is disabled this month, and Agents stationed there cannot be added to Squads. If you control Iceman, you may choose the Location.","true","Hero:true;Villain:false;On-Reveal:true;Ongoing:false;Move:false;Discard:false;Destroy:false;Vanilla:false;Avenger:false;Hydra:false;Fantastic Four:false;X-Men:true;Guardians of the Galaxy:false;Spider-Man Rogues Gallery:false;Resists Wounds:false;","false","false"
"73","Invisible Woman","2","3","3","Add ""shields"" to 3 random owned Locations. Those Locations cannot be destroyed this month, and Agents stationed there are immune to Events and Ploys. If you control Invisible Woman, you choose the 3 Locations.","true","Hero:true;Villain:false;On-Reveal:false;Ongoing:true;Move:false;Discard:false;Destroy:false;Vanilla:false;Avenger:false;Hydra:false;Fantastic Four:true;X-Men:false;Guardians of the Galaxy:false;Spider-Man Rogues Gallery:false;Resists Wounds:false;","false","false"
"74","Iron Fist","1","2","1","Move a random Free Agent to a random Location, exceeding space limits. If that Location is yours, the Agent becomes a Merc for you this month. If you control Iron Fist, you may choose the Location instead.","true","Hero:true;Villain:false;On-Reveal:true;Ongoing:false;Move:true;Discard:false;Destroy:false;Vanilla:false;Avenger:false;Hydra:false;Fantastic Four:false;X-Men:false;Guardians of the Galaxy:false;Spider-Man Rogues Gallery:false;Resists Wounds:false;","false","false"
"75","Iron Man","5","0","1","If you control Iron Man, double your Influence this month. If neither Faction controls Iron Man, halve all Influence this month (rounding down).","true","Hero:true;Villain:false;On-Reveal:false;Ongoing:true;Move:false;Discard:false;Destroy:false;Vanilla:false;Avenger:true;Hydra:false;Fantastic Four:false;X-Men:false;Guardians of the Galaxy:false;Spider-Man Rogues Gallery:false;Resists Wounds:false;","false","false"
"76","Jane Foster Mighty Thor","5","8","3","This month, Factions may wager their remaining Influence during Battle. The winner of the Battle gets double their wager next month. The loser loses that much Influence next month.","true","Hero:true;Villain:false;On-Reveal:true;Ongoing:false;Move:false;Discard:false;Destroy:false;Vanilla:false;Avenger:true;Hydra:false;Fantastic Four:false;X-Men:false;Guardians of the Galaxy:false;Spider-Man Rogues Gallery:false;Resists Wounds:false;","false","false"
"77","Jessica Jones","4","4","1","This month, add 4 additional Cubes to the Cube Cache.","true","Hero:true;Villain:false;On-Reveal:true;Ongoing:false;Move:false;Discard:false;Destroy:false;Vanilla:false;Avenger:false;Hydra:false;Fantastic Four:false;X-Men:false;Guardians of the Galaxy:false;Spider-Man Rogues Gallery:false;Resists Wounds:false;","false","false"
"78","Jubilee","4","1","2","Each Faction receives 2 random Mercs. If you control Jubilee, this Ploy only applies to you.","true","Hero:true;Villain:false;On-Reveal:true;Ongoing:false;Move:false;Discard:false;Destroy:false;Vanilla:false;Avenger:false;Hydra:false;Fantastic Four:false;X-Men:true;Guardians of the Galaxy:false;Spider-Man Rogues Gallery:false;Resists Wounds:false;","false","false"
"79","Juggernaut","3","3","3","Target one Location owned by each Faction. Move Agents from those Locations to different random Locations owned by that Faction (if possible). If you control Juggernaut, this Ploy affects two of your opponent's Agents instead.","true","Hero:false;Villain:true;On-Reveal:true;Ongoing:false;Move:true;Discard:false;Destroy:false;Vanilla:false;Avenger:false;Hydra:false;Fantastic Four:false;X-Men:true;Guardians of the Galaxy:false;Spider-Man Rogues Gallery:false;Resists Wounds:false;","false","false"
"80","Ka-Zar","4","4","1","All stationed 1-cost Agents must be added to the Squad this month.","true","Hero:true;Villain:false;On-Reveal:false;Ongoing:true;Move:false;Discard:false;Destroy:false;Vanilla:false;Avenger:false;Hydra:false;Fantastic Four:false;X-Men:false;Guardians of the Galaxy:false;Spider-Man Rogues Gallery:false;Resists Wounds:false;","false","false"
"81","Killmonger","3","3","2","Wound all stationed 1-cost Agents. If you control Killmonger, this Ploy only targets your opponent.","true","Hero:false;Villain:true;On-Reveal:true;Ongoing:false;Move:false;Discard:false;Destroy:true;Vanilla:false;Avenger:false;Hydra:false;Fantastic Four:false;X-Men:false;Guardians of the Galaxy:false;Spider-Man Rogues Gallery:false;Resists Wounds:false;","false","false"
"82","Kingpin","3","4","3","All stationed Wounded Agents must be added to the Squad this month, including those in the Medbay.","true","Hero:false;Villain:true;On-Reveal:false;Ongoing:false;Move:true;Discard:false;Destroy:true;Vanilla:false;Avenger:false;Hydra:false;Fantastic Four:false;X-Men:false;Guardians of the Galaxy:false;Spider-Man Rogues Gallery:true;Resists Wounds:false;","false","false"
"83","Klaw","5","4","1","Steal 2 Cubes from one Faction and give them to the other Faction. If you control Klaw, you are the Faction that receives the Cubes.","true","Hero:false;Villain:true;On-Reveal:false;Ongoing:true;Move:false;Discard:false;Destroy:false;Vanilla:false;Avenger:false;Hydra:false;Fantastic Four:false;X-Men:false;Guardians of the Galaxy:false;Spider-Man Rogues Gallery:false;Resists Wounds:false;","false","false"
"84","Korg","1","2","1","Factions cannot Snap during the first round this month.","true","Hero:true;Villain:false;On-Reveal:true;Ongoing:false;Move:false;Discard:false;Destroy:false;Vanilla:false;Avenger:false;Hydra:false;Fantastic Four:false;X-Men:false;Guardians of the Galaxy:false;Spider-Man Rogues Gallery:false;Resists Wounds:false;","false","false"
"85","Kraven","2","2","1","Both Factions add an Agent from their HQ to their Squad this month. Kraven randomly Wounds one of those Agents, chosen randomly. If you control Kraven, it will be your opponent's Agent.","true","Hero:false;Villain:true;On-Reveal:false;Ongoing:false;Move:true;Discard:false;Destroy:false;Vanilla:false;Avenger:false;Hydra:false;Fantastic Four:false;X-Men:false;Guardians of the Galaxy:false;Spider-Man Rogues Gallery:true;Resists Wounds:false;","false","false"
"86","Lady Sif","3","4","1","Wound one of the highest-cost stationed Agent controlled by each Faction. If you control Lady Sif, this Ploy only affects your opponent.","true","Hero:true;Villain:false;On-Reveal:true;Ongoing:false;Move:false;Discard:true;Destroy:false;Vanilla:false;Avenger:false;Hydra:false;Fantastic Four:false;X-Men:false;Guardians of the Galaxy:false;Spider-Man Rogues Gallery:false;Resists Wounds:false;","false","false"
"87","Leader","6","2","3","Each Faction names an Agent they do not own. If it is not controlled by the opponent, they may use it as a Merc this month. If you control Leader, you may name up to 3 Agents.","true","Hero:false;Villain:true;On-Reveal:true;Ongoing:false;Move:false;Discard:false;Destroy:false;Vanilla:false;Avenger:false;Hydra:false;Fantastic Four:false;X-Men:false;Guardians of the Galaxy:false;Spider-Man Rogues Gallery:false;Resists Wounds:false;","false","false"
"88","Leech","5","3","2","All Location Effects are negated this month.","true","Hero:true;Villain:false;On-Reveal:true;Ongoing:false;Move:false;Discard:false;Destroy:false;Vanilla:false;Avenger:false;Hydra:false;Fantastic Four:false;X-Men:false;Guardians of the Galaxy:false;Spider-Man Rogues Gallery:false;Resists Wounds:false;","false","false"
"89","Lizard","2","5","1","Fully occupied Locations do not provide Influence this month.","true","Hero:false;Villain:true;On-Reveal:false;Ongoing:true;Move:false;Discard:false;Destroy:false;Vanilla:false;Avenger:false;Hydra:false;Fantastic Four:false;X-Men:false;Guardians of the Galaxy:false;Spider-Man Rogues Gallery:true;Resists Wounds:false;","false","false"
"90","Lockjaw","3","2","3","This month, after assembling your Squad, all Agents are swapped with random Agents from the Faction's HQ","true","Hero:false;Villain:false;On-Reveal:false;Ongoing:false;Move:false;Discard:false;Destroy:false;Vanilla:false;Avenger:false;Hydra:false;Fantastic Four:false;X-Men:false;Guardians of the Galaxy:false;Spider-Man Rogues Gallery:false;Resists Wounds:false;","false","false"
"91","Luke Cage","2","2","3","Agents cannot be Captured this month. If you control Luke Cage, this Ploy only applies to you.","true","Hero:true;Villain:false;On-Reveal:false;Ongoing:true;Move:false;Discard:false;Destroy:false;Vanilla:false;Avenger:false;Hydra:false;Fantastic Four:true;X-Men:false;Guardians of the Galaxy:false;Spider-Man Rogues Gallery:false;Resists Wounds:false;","false","false"
"92","Magik","3","2","3","Before Battle this month, both Factions use their assembled Squad to play a match on ladder. Any cubes won are added to the Faction's total. No cubes can be lost. ","true","Hero:true;Villain:false;On-Reveal:true;Ongoing:false;Move:false;Discard:false;Destroy:false;Vanilla:false;Avenger:false;Hydra:false;Fantastic Four:false;X-Men:true;Guardians of the Galaxy:false;Spider-Man Rogues Gallery:false;Resists Wounds:false;","false","false"
"93","Magneto","6","12","3","Factions cannot add 3 or 4-cost Agents to their Squad this month.","true","Hero:false;Villain:true;On-Reveal:true;Ongoing:false;Move:true;Discard:false;Destroy:false;Vanilla:false;Avenger:false;Hydra:false;Fantastic Four:false;X-Men:false;Guardians of the Galaxy:false;Spider-Man Rogues Gallery:false;Resists Wounds:false;","false","false"
"94","Mantis","1","2","1","Both Factions gain a free Recruit. If you control Mantis, this only applies to you.","true","Hero:true;Villain:false;On-Reveal:true;Ongoing:false;Move:false;Discard:false;Destroy:false;Vanilla:false;Avenger:false;Hydra:false;Fantastic Four:false;X-Men:false;Guardians of the Galaxy:true;Spider-Man Rogues Gallery:false;Resists Wounds:false;","false","false"
"95","Maria Hill","2","3","3","Both Factions receive a random 1 or 2-cost Agent as a Merc this month (if available). If you control Maria Hill, gain 2 instead.","true","Hero:true;Villain:false;On-Reveal:true;Ongoing:false;Move:false;Discard:false;Destroy:false;Vanilla:false;Avenger:false;Hydra:false;Fantastic Four:false;X-Men:false;Guardians of the Galaxy:false;Spider-Man Rogues Gallery:false;Resists Wounds:false;","false","false"
"96","Maximus","3","7","3","Enact 2 additional Character Ploys this month. If you control Maximus, you may see those two Ploys in advance and confirm if you want to allow them.","true","Hero:false;Villain:true;On-Reveal:true;Ongoing:false;Move:false;Discard:false;Destroy:false;Vanilla:false;Avenger:false;Hydra:false;Fantastic Four:false;X-Men:false;Guardians of the Galaxy:false;Spider-Man Rogues Gallery:false;Resists Wounds:false;","false","false"
"97","Medusa","2","2","1","Unoccupied Locations provide 1 Influence each this month. If you control Medusa, this Ploy only applies to you.","true","Hero:true;Villain:true;On-Reveal:true;Ongoing:false;Move:false;Discard:false;Destroy:false;Vanilla:false;Avenger:false;Hydra:false;Fantastic Four:true;X-Men:false;Guardians of the Galaxy:false;Spider-Man Rogues Gallery:false;Resists Wounds:false;","false","false"
"98","Mister Fantastic","3","2","1","Each Faction gains 1 Cube for each original member of the Fantastic Four they control. If you control Mister Fantastic, gain 2 Cubes for each instead.","true","Hero:true;Villain:false;On-Reveal:false;Ongoing:true;Move:false;Discard:false;Destroy:false;Vanilla:false;Avenger:true;Hydra:false;Fantastic Four:true;X-Men:false;Guardians of the Galaxy:false;Spider-Man Rogues Gallery:false;Resists Wounds:false;","false","false"
"99","Mister Negative","4","-1","3","Agents cannot be added to the Squad this month if their POW exceeds their cost.","true","Hero:false;Villain:true;On-Reveal:true;Ongoing:false;Move:false;Discard:false;Destroy:false;Vanilla:false;Avenger:false;Hydra:false;Fantastic Four:false;X-Men:false;Guardians of the Galaxy:false;Spider-Man Rogues Gallery:true;Resists Wounds:false;","false","false"
"100","Mister Sinister","2","2","1","Mister Sinister and 2 random Free Agents launch a Raid on Sinister London. If you control Mister Sinister and that Location, you may choose a different Location to Raid, after seeing who the Free Agents are.","true","Hero:false;Villain:true;On-Reveal:true;Ongoing:false;Move:false;Discard:false;Destroy:false;Vanilla:false;Avenger:false;Hydra:false;Fantastic Four:false;X-Men:false;Guardians of the Galaxy:false;Spider-Man Rogues Gallery:false;Resists Wounds:false;","false","false"
"101","Misty Knight","1","2","1","Each Faction takes control of a random unowned Location. If you control Misty Knight, this Ploy only applies to you.","true","Hero:true;Villain:false;On-Reveal:false;Ongoing:false;Move:false;Discard:false;Destroy:false;Vanilla:false;Avenger:false;Hydra:false;Fantastic Four:false;X-Men:false;Guardians of the Galaxy:false;Spider-Man Rogues Gallery:false;Resists Wounds:false;","false","false"
"102","Mojo","2","2","3","Only Agents in fully occupied Locations can be added to the Squad this month.","true","Hero:false;Villain:true;On-Reveal:false;Ongoing:true;Move:false;Discard:false;Destroy:false;Vanilla:false;Avenger:false;Hydra:false;Fantastic Four:false;X-Men:false;Guardians of the Galaxy:false;Spider-Man Rogues Gallery:false;Resists Wounds:false;","false","false"
"103","Moon Girl","4","4","1","Both Factions receive a Clone of an owned Agent of their choosing. If you control Moon Girl, this Ploy only applies to you.","true","Hero:true;Villain:false;On-Reveal:true;Ongoing:false;Move:false;Discard:false;Destroy:false;Vanilla:false;Avenger:false;Hydra:false;Fantastic Four:false;X-Men:false;Guardians of the Galaxy:false;Spider-Man Rogues Gallery:false;Resists Wounds:false;","false","false"
"104","Moon Knight","3","3","3","After Squads are formed, a random Agent in each Squad is Wounded. If you control Moon Knight, this Ploy only affects your opponent.","true","Hero:false;Villain:false;On-Reveal:false;Ongoing:false;Move:false;Discard:true;Destroy:false;Vanilla:false;Avenger:true;Hydra:false;Fantastic Four:false;X-Men:false;Guardians of the Galaxy:false;Spider-Man Rogues Gallery:false;Resists Wounds:false;","false","false"
"105","Morbius","2","0","2","All stationed Discard Agents must be added to Squads this month.","true","Hero:false;Villain:true;On-Reveal:false;Ongoing:true;Move:false;Discard:true;Destroy:false;Vanilla:false;Avenger:false;Hydra:false;Fantastic Four:false;X-Men:false;Guardians of the Galaxy:false;Spider-Man Rogues Gallery:true;Resists Wounds:false;","false","false"
"106","Morph","3","0","1","Morph activates the Ploy of a random other Agent. If you control Morph, you control this Ploy.","true","Hero:true;Villain:false;On-Reveal:false;Ongoing:false;Move:false;Discard:false;Destroy:false;Vanilla:false;Avenger:true;Hydra:false;Fantastic Four:false;X-Men:true;Guardians of the Galaxy:false;Spider-Man Rogues Gallery:false;Resists Wounds:false;","false","false"
"107","Multiple Man","2","3","1","Multiple Man and 2 Multiple Man Clones Raid 3 random Locations. If you control Multiple Man, you can instead send the Clones to any Locations of your choosing.","true","Hero:true;Villain:false;On-Reveal:false;Ongoing:false;Move:true;Discard:false;Destroy:false;Vanilla:false;Avenger:false;Hydra:false;Fantastic Four:false;X-Men:true;Guardians of the Galaxy:false;Spider-Man Rogues Gallery:false;Resists Wounds:false;","false","false"
"108","Mysterio","2","4","3","Disguise this Ploy as a random other one. If you control Mysterio, you will be secretly informed. After Squads are formed, reveal this effect. All 2-Cost Agents in each Squad are swapped with random Agents from HQ.","true","Hero:false;Villain:true;On-Reveal:false;Ongoing:false;Move:false;Discard:false;Destroy:false;Vanilla:false;Avenger:false;Hydra:false;Fantastic Four:false;X-Men:false;Guardians of the Galaxy:false;Spider-Man Rogues Gallery:true;Resists Wounds:false;","false","false"
"109","Mystique","3","0","3","Each Faction names an Ongoing Agent they do not own. That Faction may use a Clone of that Agent as a Merc this month. If you control Mystique, this Ploy only applies to you.","true","Hero:true;Villain:false;On-Reveal:true;Ongoing:false;Move:false;Discard:false;Destroy:false;Vanilla:false;Avenger:false;Hydra:false;Fantastic Four:false;X-Men:true;Guardians of the Galaxy:false;Spider-Man Rogues Gallery:false;Resists Wounds:false;","false","false"
"110","Nakia","3","3","2","This month, non-Wounded Agents must be Wounded twice to receive a Wound.","true","Hero:true;Villain:false;On-Reveal:true;Ongoing:false;Move:false;Discard:false;Destroy:false;Vanilla:false;Avenger:false;Hydra:false;Fantastic Four:false;X-Men:false;Guardians of the Galaxy:false;Spider-Man Rogues Gallery:false;Resists Wounds:false;","false","false"
"111","Namor","4","6","1","All Agents stationed in Locations by themselves must be added to Squads this month.","true","Hero:false;Villain:false;On-Reveal:false;Ongoing:true;Move:false;Discard:false;Destroy:false;Vanilla:false;Avenger:true;Hydra:false;Fantastic Four:false;X-Men:false;Guardians of the Galaxy:false;Spider-Man Rogues Gallery:false;Resists Wounds:false;","false","false"
"112","Nick Fury","4","5","3","SHIELD gains 3 random Mercs this month. If HYDRA controls Nick Fury, a random SHIELD location is destroyed instead.","true","Hero:true;Villain:false;On-Reveal:true;Ongoing:false;Move:false;Discard:false;Destroy:false;Vanilla:false;Avenger:true;Hydra:false;Fantastic Four:false;X-Men:false;Guardians of the Galaxy:false;Spider-Man Rogues Gallery:false;Resists Wounds:false;","false","false"
"113","Nightcrawler","1","2","1","This month, Factions may perform one ""Stealth Capture,"" informing The Watcher of your Capture without retreating from the Battle. The Agents are Captured at the end of the Battle. If you control Nightcrawler, this Ploy only applies to you.","true","Hero:true;Villain:false;On-Reveal:false;Ongoing:false;Move:true;Discard:false;Destroy:false;Vanilla:false;Avenger:false;Hydra:false;Fantastic Four:false;X-Men:true;Guardians of the Galaxy:false;Spider-Man Rogues Gallery:false;Resists Wounds:false;","false","false"
"114","Nova","1","1","1","If an Agent is Eliminated this month, the controller of that Agent gains 2 additional Influence next month, for each Eliminated Agent.","true","Hero:true;Villain:false;On-Reveal:false;Ongoing:false;Move:false;Discard:false;Destroy:true;Vanilla:false;Avenger:false;Hydra:false;Fantastic Four:false;X-Men:false;Guardians of the Galaxy:false;Spider-Man Rogues Gallery:false;Resists Wounds:true;","false","false"
"115","Odin","6","8","1","All stationed On-Reveal Agents must be added to the Squad, if possible.","true","Hero:true;Villain:false;On-Reveal:true;Ongoing:false;Move:false;Discard:false;Destroy:false;Vanilla:false;Avenger:false;Hydra:false;Fantastic Four:false;X-Men:false;Guardians of the Galaxy:false;Spider-Man Rogues Gallery:false;Resists Wounds:false;","false","false"
"116","Okoye","2","2","2","Any Agents added to your Squad this month have their Wounds healed immediately. If you control Okoye, this Ploy only applies to you.","true","Hero:true;Villain:false;On-Reveal:true;Ongoing:false;Move:false;Discard:false;Destroy:false;Vanilla:false;Avenger:false;Hydra:false;Fantastic Four:false;X-Men:false;Guardians of the Galaxy:false;Spider-Man Rogues Gallery:false;Resists Wounds:false;","false","false"
"117","Omega Red","4","5","3","Agents stationed in any Location with less than 4 total POW cannot be added to Squads this month.","true","Hero:false;Villain:true;On-Reveal:false;Ongoing:true;Move:false;Discard:false;Destroy:false;Vanilla:false;Avenger:false;Hydra:false;Fantastic Four:false;X-Men:false;Guardians of the Galaxy:false;Spider-Man Rogues Gallery:false;Resists Wounds:false;","false","false"
"118","Onslaught","6","7","1","All stationed Ongoing Agents must be added to the Squad, if possible.","true","Hero:false;Villain:true;On-Reveal:false;Ongoing:true;Move:false;Discard:false;Destroy:false;Vanilla:false;Avenger:false;Hydra:false;Fantastic Four:false;X-Men:false;Guardians of the Galaxy:false;Spider-Man Rogues Gallery:false;Resists Wounds:false;","false","false"
"119","Patriot","3","1","3","All controlled Vanilla Agents must be added to the Squad this month, including from HQ.","true","Hero:true;Villain:false;On-Reveal:false;Ongoing:true;Move:false;Discard:false;Destroy:false;Vanilla:false;Avenger:false;Hydra:false;Fantastic Four:false;X-Men:false;Guardians of the Galaxy:false;Spider-Man Rogues Gallery:false;Resists Wounds:false;","false","false"
"120","Polaris","3","5","3","For every Action performed this month, Factions will send one random stationed Agent back to HQ. If you control Polaris, this Ploy only affects your opponent.","true","Hero:true;Villain:false;On-Reveal:true;Ongoing:false;Move:true;Discard:false;Destroy:false;Vanilla:false;Avenger:false;Hydra:false;Fantastic Four:false;X-Men:true;Guardians of the Galaxy:false;Spider-Man Rogues Gallery:false;Resists Wounds:false;","false","false"
"121","Professor X","5","3","1","Select a random Free Agent for each Faction. Each Faction may ask 10 questions about the chosen Agent that must be answered with ""yes"" or ""no."" After 10 questions, they may guess what the card is. If guessing correctly, they may Recruit the Agent for free. If you control Professor X, you get 15 questions instead.","true","Hero:true;Villain:false;On-Reveal:false;Ongoing:true;Move:false;Discard:false;Destroy:false;Vanilla:false;Avenger:false;Hydra:false;Fantastic Four:false;X-Men:true;Guardians of the Galaxy:false;Spider-Man Rogues Gallery:false;Resists Wounds:true;","false","false"
"122","Psylocke","2","1","3","Next month, both Factions receive 2 additional Influence. If you control Psylocke, this effect only applies to you.","true","Hero:true;Villain:false;On-Reveal:true;Ongoing:false;Move:false;Discard:false;Destroy:false;Vanilla:false;Avenger:false;Hydra:false;Fantastic Four:false;X-Men:true;Guardians of the Galaxy:false;Spider-Man Rogues Gallery:false;Resists Wounds:false;","false","false"
"123","Quake","2","3","3","Swap the owners of two random Locations, including at least one owned by a Faction, transferring stationed Agents to the new Locations. If you control Quake, one of the two Locations will be your opponent's.","true","Hero:true;Villain:false;On-Reveal:true;Ongoing:false;Move:false;Discard:false;Destroy:false;Vanilla:false;Avenger:true;Hydra:false;Fantastic Four:false;X-Men:false;Guardians of the Galaxy:false;Spider-Man Rogues Gallery:false;Resists Wounds:false;","false","false"
"124","Quicksilver","1","2","1","The first card you draw each Battle this month may be used as a Captain. If you control Quicksilver, this Ploy only applies to you.","true","Hero:true;Villain:false;On-Reveal:false;Ongoing:false;Move:false;Discard:false;Destroy:false;Vanilla:false;Avenger:true;Hydra:false;Fantastic Four:false;X-Men:false;Guardians of the Galaxy:false;Spider-Man Rogues Gallery:false;Resists Wounds:false;","false","false"
"125","Quinjet","1","2","3","Each Faction may add one Agent directly from their HQ to their Squad this month. If you own Quinjet, this Ploy only applies to you.","true","Hero:false;Villain:false;On-Reveal:false;Ongoing:true;Move:false;Discard:false;Destroy:false;Vanilla:false;Avenger:true;Hydra:false;Fantastic Four:false;X-Men:false;Guardians of the Galaxy:false;Spider-Man Rogues Gallery:false;Resists Wounds:false;","false","false"
"126","Red Skull","5","14","3","HYDRA gains 2 Influence. If SHIELD controls Red Skull, SHIELD gains 2 Influence and HYDRA loses 2 Influence instead.","true","Hero:false;Villain:true;On-Reveal:false;Ongoing:true;Move:false;Discard:false;Destroy:false;Vanilla:false;Avenger:false;Hydra:true;Fantastic Four:false;X-Men:false;Guardians of the Galaxy:false;Spider-Man Rogues Gallery:false;Resists Wounds:false;","false","false"
"127","Rescue","4","4","3","Target a random Location with stationed Wounded Agent(s). Heal all Agents in that Location (prioritizes Locations with multiple Wounded Agents).","true","Hero:false;Villain:false;On-Reveal:false;Ongoing:false;Move:false;Discard:false;Destroy:false;Vanilla:false;Avenger:false;Hydra:false;Fantastic Four:false;X-Men:false;Guardians of the Galaxy:false;Spider-Man Rogues Gallery:false;Resists Wounds:false;","false","false"
"128","Rhino","3","3","3","Destroy a random owned Location. If you control Rhino, you choose the Location instead.","true","Hero:false;Villain:true;On-Reveal:true;Ongoing:false;Move:false;Discard:false;Destroy:false;Vanilla:false;Avenger:false;Hydra:false;Fantastic Four:false;X-Men:false;Guardians of the Galaxy:false;Spider-Man Rogues Gallery:true;Resists Wounds:false;","false","false"
"129","Rocket Raccoon","1","2","1","Rocket Raccoon launches a Raid against a random Location. If Groot is a Free Agent or on the same side, Groot joins Rocket. If you control Rocket, you choose the Location to Raid.","true","Hero:true;Villain:false;On-Reveal:true;Ongoing:false;Move:false;Discard:false;Destroy:false;Vanilla:false;Avenger:false;Hydra:false;Fantastic Four:false;X-Men:false;Guardians of the Galaxy:true;Spider-Man Rogues Gallery:false;Resists Wounds:false;","false","false"
"130","Rockslide","4","5","3","Factions cannot Snap for the first three Battles this month. If you control Rockslide, this Ploy only affects your opponent.","true","Hero:true;Villain:false;On-Reveal:true;Ongoing:false;Move:false;Discard:false;Destroy:false;Vanilla:false;Avenger:false;Hydra:false;Fantastic Four:false;X-Men:true;Guardians of the Galaxy:false;Spider-Man Rogues Gallery:false;Resists Wounds:false;","false","false"
"131","Rogue","3","2","3","Each Faction must choose one of their Ongoing Agents to change allegiance.","true","Hero:true;Villain:false;On-Reveal:true;Ongoing:false;Move:false;Discard:false;Destroy:false;Vanilla:false;Avenger:true;Hydra:false;Fantastic Four:false;X-Men:true;Guardians of the Galaxy:false;Spider-Man Rogues Gallery:false;Resists Wounds:false;","false","false"
"132","Ronan the Accuser","5","3","3","Reveal the Location of an Infinity Stone. If you control Ronan, it is revealed only to you.","true","Hero:false;Villain:true;On-Reveal:false;Ongoing:true;Move:false;Discard:false;Destroy:false;Vanilla:false;Avenger:false;Hydra:false;Fantastic Four:false;X-Men:false;Guardians of the Galaxy:false;Spider-Man Rogues Gallery:false;Resists Wounds:false;","false","false"
"133","Sabretooth","3","4","2","Factions lose 1 Influence this month for each Wounded Agent in their HQ.","true","Hero:false;Villain:true;On-Reveal:false;Ongoing:false;Move:false;Discard:false;Destroy:true;Vanilla:false;Avenger:false;Hydra:false;Fantastic Four:false;X-Men:true;Guardians of the Galaxy:false;Spider-Man Rogues Gallery:false;Resists Wounds:true;","false","false"
"134","Sandman","5","3","2","Both Factions may perform only one Action this month.","true","Hero:false;Villain:true;On-Reveal:false;Ongoing:true;Move:false;Discard:false;Destroy:false;Vanilla:false;Avenger:false;Hydra:false;Fantastic Four:false;X-Men:false;Guardians of the Galaxy:false;Spider-Man Rogues Gallery:true;Resists Wounds:false;","false","false"
"135","Scarlet Witch","2","3","1","Both Factions get a free Brainwashing this month. If you control Scarlet Witch, this Ploy only applies to you.","true","Hero:true;Villain:false;On-Reveal:true;Ongoing:false;Move:false;Discard:false;Destroy:false;Vanilla:false;Avenger:true;Hydra:false;Fantastic Four:false;X-Men:false;Guardians of the Galaxy:false;Spider-Man Rogues Gallery:false;Resists Wounds:false;","false","false"
"136","Scorpion","2","2","1","The first Agent added to each Faction's Squad this month is Wounded. If you control Scorpion, this only affects your opponent.","true","Hero:false;Villain:true;On-Reveal:true;Ongoing:false;Move:false;Discard:false;Destroy:false;Vanilla:false;Avenger:false;Hydra:false;Fantastic Four:false;X-Men:false;Guardians of the Galaxy:false;Spider-Man Rogues Gallery:true;Resists Wounds:false;","false","false"
"137","Sentinel","2","3","1","Both Factions must add Sentinel to their Squad, regardless who controls it.","true","Hero:false;Villain:true;On-Reveal:true;Ongoing:false;Move:false;Discard:false;Destroy:false;Vanilla:false;Avenger:false;Hydra:false;Fantastic Four:false;X-Men:false;Guardians of the Galaxy:false;Spider-Man Rogues Gallery:false;Resists Wounds:false;","false","false"
"138","Sera","5","4","3","This month, all Actions cost 1 less Influence (min. 1).","true","Hero:true;Villain:false;On-Reveal:false;Ongoing:true;Move:false;Discard:false;Destroy:false;Vanilla:false;Avenger:false;Hydra:false;Fantastic Four:false;X-Men:false;Guardians of the Galaxy:false;Spider-Man Rogues Gallery:false;Resists Wounds:false;","false","false"
"139","Shang-Chi","4","3","2","Agents with 9+ POW cannot be added to the Squad this month.","true","Hero:true;Villain:false;On-Reveal:true;Ongoing:false;Move:false;Discard:false;Destroy:true;Vanilla:false;Avenger:true;Hydra:false;Fantastic Four:false;X-Men:false;Guardians of the Galaxy:false;Spider-Man Rogues Gallery:false;Resists Wounds:false;","false","false"
"140","She-Hulk","6","9","3","This month, each Faction may use a Pool 4 or Pool 5 Agent of their choice as a Merc.","true","Hero:true;Villain:false;On-Reveal:false;Ongoing:false;Move:false;Discard:false;Destroy:false;Vanilla:false;Avenger:true;Hydra:false;Fantastic Four:true;X-Men:false;Guardians of the Galaxy:false;Spider-Man Rogues Gallery:false;Resists Wounds:false;","false","false"
"141","Shocker","2","3","1","Free a random Captured Agent. If you control Shocker, the Agent must be yours.","true","Hero:false;Villain:true;On-Reveal:false;Ongoing:false;Move:false;Discard:false;Destroy:false;Vanilla:true;Avenger:false;Hydra:false;Fantastic Four:false;X-Men:false;Guardians of the Galaxy:false;Spider-Man Rogues Gallery:true;Resists Wounds:false;","false","false"
"142","Spectrum","6","5","1","Locations cannot be Seized this month. If you control Spectrum, you may still Seize Locations this month.","true","Hero:true;Villain:false;On-Reveal:true;Ongoing:false;Move:false;Discard:false;Destroy:false;Vanilla:false;Avenger:true;Hydra:false;Fantastic Four:false;X-Men:false;Guardians of the Galaxy:false;Spider-Man Rogues Gallery:false;Resists Wounds:false;","false","false"
"143","Spider-Man","5","4","3","Spider-Man targets one random stationed Agent on each side and Captures them. If Spider-Man is a Free Agent, it occupies a random unowned Location to store the Captured Agents. Otherwise, you Capture a random Agent on the enemy side.","true","Hero:true;Villain:false;On-Reveal:true;Ongoing:false;Move:false;Discard:false;Destroy:false;Vanilla:false;Avenger:true;Hydra:false;Fantastic Four:true;X-Men:false;Guardians of the Galaxy:false;Spider-Man Rogues Gallery:false;Resists Wounds:false;","false","false"
"144","Spider-Woman","5","8","1","This month, both Factions have 5 base Influence and lose 1 Influence for every 5 fully occupied Locations.","true","Hero:true;Villain:false;On-Reveal:true;Ongoing:false;Move:false;Discard:false;Destroy:false;Vanilla:false;Avenger:true;Hydra:false;Fantastic Four:false;X-Men:false;Guardians of the Galaxy:false;Spider-Man Rogues Gallery:false;Resists Wounds:false;","false","false"
"145","Squirrel Girl","1","1","1","Occupy all empty spaces in Locations with Squirrels. Factions lose 1 Influence for every 3 Squirrels in their Locations.","true","Hero:true;Villain:false;On-Reveal:true;Ongoing:false;Move:false;Discard:false;Destroy:false;Vanilla:false;Avenger:false;Hydra:false;Fantastic Four:false;X-Men:false;Guardians of the Galaxy:false;Spider-Man Rogues Gallery:false;Resists Wounds:false;","false","false"
"146","Star-Lord","2","2","1","Unowned Guardians of the Galaxy become Mercs for both Factions this month. If you control Star-Lord, they become Mercs for you only.","true","Hero:true;Villain:false;On-Reveal:true;Ongoing:false;Move:false;Discard:false;Destroy:false;Vanilla:false;Avenger:false;Hydra:false;Fantastic Four:false;X-Men:false;Guardians of the Galaxy:true;Spider-Man Rogues Gallery:false;Resists Wounds:false;","false","false"
"147","Storm","3","2","2","Destroy 3 random Locations. If you control Storm, this Ploy cannot target your Locations.","true","Hero:true;Villain:false;On-Reveal:true;Ongoing:false;Move:false;Discard:false;Destroy:false;Vanilla:false;Avenger:true;Hydra:false;Fantastic Four:true;X-Men:true;Guardians of the Galaxy:false;Spider-Man Rogues Gallery:false;Resists Wounds:false;","false","false"
"148","Strong Guy","4","4","1","The winner of this month's Battle gains 5 additional Cubes.","true","Hero:true;Villain:false;On-Reveal:false;Ongoing:true;Move:false;Discard:false;Destroy:false;Vanilla:false;Avenger:false;Hydra:false;Fantastic Four:false;X-Men:true;Guardians of the Galaxy:false;Spider-Man Rogues Gallery:false;Resists Wounds:false;","false","false"
"149","Sunspot","1","0","2","This month, Factions gain 1 random Merc for each unspent Influence.","true","Hero:true;Villain:false;On-Reveal:false;Ongoing:false;Move:false;Discard:false;Destroy:false;Vanilla:false;Avenger:false;Hydra:false;Fantastic Four:false;X-Men:true;Guardians of the Galaxy:false;Spider-Man Rogues Gallery:false;Resists Wounds:false;","false","false"
"150","Swarm","2","3","2","This month, Agents in your Squad with even cost must have odd power. Agents with odd cost must have even power.","true","Hero:false;Villain:true;On-Reveal:false;Ongoing:false;Move:false;Discard:true;Destroy:false;Vanilla:false;Avenger:false;Hydra:false;Fantastic Four:false;X-Men:false;Guardians of the Galaxy:false;Spider-Man Rogues Gallery:true;Resists Wounds:true;","false","false"
"151","Sword Master","3","6","1","Sword Master launches a Raid on a random Location. Only one Agent may participate on the defense (defender's choice). If you control Sword Master, you choose the Location.","true","Hero:true;Villain:false;On-Reveal:true;Ongoing:false;Move:false;Discard:true;Destroy:false;Vanilla:false;Avenger:false;Hydra:false;Fantastic Four:false;X-Men:false;Guardians of the Galaxy:false;Spider-Man Rogues Gallery:false;Resists Wounds:false;","false","false"
"152","Taskmaster","5","0","3","The Watcher selects a random Free Agent. Reveal information about this Agent one clue at a time. The first Faction to guess the identity of the Free Agent may use this Agent as a Merc this month. If you control Taskmaster, you may activate this Ploy a second time.","true","Hero:false;Villain:false;On-Reveal:true;Ongoing:false;Move:false;Discard:false;Destroy:false;Vanilla:false;Avenger:false;Hydra:false;Fantastic Four:false;X-Men:false;Guardians of the Galaxy:false;Spider-Man Rogues Gallery:false;Resists Wounds:false;","false","false"
"153","The Collector","2","2","2","This month, you can only add stationed Agents to your deck if they have been upgraded to Infinity.","true","Hero:false;Villain:false;On-Reveal:false;Ongoing:false;Move:false;Discard:false;Destroy:false;Vanilla:false;Avenger:false;Hydra:false;Fantastic Four:false;X-Men:false;Guardians of the Galaxy:false;Spider-Man Rogues Gallery:false;Resists Wounds:false;","false","false"
"154","The Hood","1","-3","3","Select a random Location. Raid the Location with a Demon, plus an additional Demon for each empty Space in that Location. If you control The Hood, you choose the Location.","true","Hero:false;Villain:true;On-Reveal:true;Ongoing:false;Move:false;Discard:false;Destroy:false;Vanilla:false;Avenger:false;Hydra:false;Fantastic Four:false;X-Men:false;Guardians of the Galaxy:false;Spider-Man Rogues Gallery:false;Resists Wounds:false;","false","false"
"155","The Infinaut","6","20","2","This month, Squads have a 40 POW minimum.","true","Hero:false;Villain:false;On-Reveal:false;Ongoing:false;Move:false;Discard:false;Destroy:false;Vanilla:false;Avenger:false;Hydra:false;Fantastic Four:false;X-Men:false;Guardians of the Galaxy:false;Spider-Man Rogues Gallery:false;Resists Wounds:false;","false","false"
"156","Punisher","3","2","1","When a Faction snaps this month, a random one of their Agents is Wounded. If you control The Punisher, this Ploy only applies to your opponent.","true","Hero:false;Villain:false;On-Reveal:false;Ongoing:true;Move:false;Discard:false;Destroy:false;Vanilla:false;Avenger:false;Hydra:false;Fantastic Four:false;X-Men:false;Guardians of the Galaxy:false;Spider-Man Rogues Gallery:false;Resists Wounds:false;","false","false"
"157","The Thing","4","6","1","Vanilla Agents can be used as Captains this month. If you control Thing, this Ploy only applies to you.","true","Hero:true;Villain:false;On-Reveal:false;Ongoing:false;Move:false;Discard:false;Destroy:false;Vanilla:true;Avenger:false;Hydra:false;Fantastic Four:true;X-Men:false;Guardians of the Galaxy:false;Spider-Man Rogues Gallery:false;Resists Wounds:false;","false","false"
"158","Thor","3","4","3","Add Mjolnr to a random unowned Location. No Faction can gain that Location unless the Faction controls Thor.","true","Hero:true;Villain:false;On-Reveal:true;Ongoing:false;Move:false;Discard:false;Destroy:false;Vanilla:false;Avenger:true;Hydra:false;Fantastic Four:false;X-Men:false;Guardians of the Galaxy:false;Spider-Man Rogues Gallery:false;Resists Wounds:false;","false","false"
"159","Titania","1","5","3","One stationed Agent from each Faction moves to an opponent's owned Location, if there is space. If they do, they change allegiance.","true","Hero:false;Villain:true;On-Reveal:false;Ongoing:false;Move:false;Discard:false;Destroy:false;Vanilla:false;Avenger:false;Hydra:false;Fantastic Four:false;X-Men:false;Guardians of the Galaxy:false;Spider-Man Rogues Gallery:false;Resists Wounds:false;","false","false"
"160","Typhoid Mary","4","10","3","Both Factions lose 2 Influence this month. If you control Typhoid Mary, this Ploy only affects your opponent.","true","Hero:false;Villain:true;On-Reveal:false;Ongoing:true;Move:false;Discard:false;Destroy:false;Vanilla:false;Avenger:false;Hydra:false;Fantastic Four:false;X-Men:false;Guardians of the Galaxy:false;Spider-Man Rogues Gallery:false;Resists Wounds:false;","false","false"
"161","Uatu the Watcher","1","2","1","Both Factions see each other’s Squads after Assemble. If you control Uatu the Watcher, only you see your opponent’s Squad.","true","Hero:false;Villain:false;On-Reveal:false;Ongoing:false;Move:false;Discard:false;Destroy:false;Vanilla:false;Avenger:false;Hydra:false;Fantastic Four:false;X-Men:false;Guardians of the Galaxy:false;Spider-Man Rogues Gallery:false;Resists Wounds:false;","false","false"
"162","Ultron","6","8","3","Launch a Raid on a random Location using 8 Drones. If you control Ultron, you may target up to 8 different Locations to send the Drones.","true","Hero:false;Villain:true;On-Reveal:true;Ongoing:false;Move:false;Discard:false;Destroy:false;Vanilla:false;Avenger:false;Hydra:false;Fantastic Four:false;X-Men:false;Guardians of the Galaxy:false;Spider-Man Rogues Gallery:false;Resists Wounds:false;","false","false"
"163","Venom","3","3","3","Venom selects a random owned Agent and merges with it. The controller loses that Agent and gains Venom. If you control Venom, you retain Venom regardless of the Agent selected.","true","Hero:false;Villain:true;On-Reveal:true;Ongoing:false;Move:false;Discard:false;Destroy:true;Vanilla:false;Avenger:false;Hydra:false;Fantastic Four:false;X-Men:false;Guardians of the Galaxy:false;Spider-Man Rogues Gallery:true;Resists Wounds:false;","false","false"
"164","Viper","2","3","3","Send a random stationed Agent to a random Location owned by an opponent and perform a Raid. If you control Viper, you choose which of your stationed Agents to send.","true","Hero:false;Villain:true;On-Reveal:true;Ongoing:false;Move:false;Discard:false;Destroy:false;Vanilla:false;Avenger:false;Hydra:true;Fantastic Four:false;X-Men:false;Guardians of the Galaxy:false;Spider-Man Rogues Gallery:false;Resists Wounds:false;","false","false"
"165","Vision","5","7","2","Each Faction may station an Agent from HQ in an unowned Location. If you control Vision, this Ploy only applies to you.","true","Hero:true;Villain:false;On-Reveal:false;Ongoing:false;Move:true;Discard:false;Destroy:false;Vanilla:false;Avenger:false;Hydra:false;Fantastic Four:false;X-Men:false;Guardians of the Galaxy:false;Spider-Man Rogues Gallery:false;Resists Wounds:false;","false","false"
"166","Vulture","3","3","2","All stationed ""Move"" Agents must be added to the Squad, if possible.","true","Hero:false;Villain:true;On-Reveal:false;Ongoing:false;Move:true;Discard:false;Destroy:false;Vanilla:false;Avenger:false;Hydra:false;Fantastic Four:false;X-Men:false;Guardians of the Galaxy:false;Spider-Man Rogues Gallery:true;Resists Wounds:false;","false","false"
"167","Warpath","4","5","2","This month, whichever side occupies fewer Locations gains 3 additional Influence. If a tie, both sides gain the Influence.","true","Hero:true;Villain:false;On-Reveal:false;Ongoing:true;Move:false;Discard:false;Destroy:false;Vanilla:false;Avenger:false;Hydra:false;Fantastic Four:false;X-Men:true;Guardians of the Galaxy:false;Spider-Man Rogues Gallery:false;Resists Wounds:false;","false","false"
"168","Wasp","0","1","3","This month, the Squad with the lowest overall cost gains the first 4 Cubes from the Cache for free.","true","Hero:true;Villain:false;On-Reveal:false;Ongoing:false;Move:false;Discard:false;Destroy:false;Vanilla:true;Avenger:true;Hydra:false;Fantastic Four:false;X-Men:false;Guardians of the Galaxy:false;Spider-Man Rogues Gallery:false;Resists Wounds:false;","false","false"
"169","Wave","3","3","3","Both Factions have 3 Influence this month.","true","Hero:true;Villain:false;On-Reveal:true;Ongoing:false;Move:false;Discard:false;Destroy:false;Vanilla:false;Avenger:false;Hydra:false;Fantastic Four:false;X-Men:false;Guardians of the Galaxy:false;Spider-Man Rogues Gallery:false;Resists Wounds:false;","false","false"
"170","White Queen","4","6","1","Both Factions may use a Clone of a random stationed Agent owned by their opponent in their Squad this month. These Agents are only revealed to the Faction receiving them. If you control White Queen, this Ploy only applies to you.","true","Hero:true;Villain:false;On-Reveal:true;Ongoing:false;Move:false;Discard:false;Destroy:false;Vanilla:false;Avenger:false;Hydra:false;Fantastic Four:false;X-Men:true;Guardians of the Galaxy:false;Spider-Man Rogues Gallery:false;Resists Wounds:false;","false","false"
"171","White Tiger","5","1","1","A Tiger Spirit launches a Raid on a random Location. If you control White Tiger, you choose the target Location.","true","Hero:true;Villain:false;On-Reveal:true;Ongoing:false;Move:false;Discard:false;Destroy:false;Vanilla:false;Avenger:true;Hydra:false;Fantastic Four:false;X-Men:false;Guardians of the Galaxy:false;Spider-Man Rogues Gallery:false;Resists Wounds:false;","false","false"
"172","Wolfsbane","3","1","1","The Faction with more stationed Agents this month may immediately station an additional 3 Agents, ignoring space limits.","true","Hero:true;Villain:false;On-Reveal:true;Ongoing:false;Move:false;Discard:false;Destroy:false;Vanilla:false;Avenger:false;Hydra:false;Fantastic Four:false;X-Men:true;Guardians of the Galaxy:false;Spider-Man Rogues Gallery:false;Resists Wounds:false;","false","false"
"173","Wolverine","2","2","1","Deploy all Wounded Agents to available empty spaces in owned Locations, if possible. If you control Wolverine, you may ignore this Ploy.","true","Hero:true;Villain:false;On-Reveal:false;Ongoing:false;Move:false;Discard:true;Destroy:true;Vanilla:false;Avenger:false;Hydra:false;Fantastic Four:false;X-Men:true;Guardians of the Galaxy:false;Spider-Man Rogues Gallery:false;Resists Wounds:true;","false","false"
"174","Wong","4","2","3","Summon 2 random Free Agents to Raid a random Location. If you control Wong, you choose the target Location.","true","Hero:true;Villain:false;On-Reveal:false;Ongoing:true;Move:false;Discard:false;Destroy:false;Vanilla:false;Avenger:false;Hydra:false;Fantastic Four:false;X-Men:false;Guardians of the Galaxy:false;Spider-Man Rogues Gallery:false;Resists Wounds:false;","false","false"
"175","Yellowjacket","0","2","3","Agents cannot be added to your Squad this month if their cost exceeds their POW.","true","Hero:false;Villain:true;On-Reveal:true;Ongoing:false;Move:false;Discard:false;Destroy:false;Vanilla:false;Avenger:false;Hydra:false;Fantastic Four:false;X-Men:false;Guardians of the Galaxy:false;Spider-Man Rogues Gallery:false;Resists Wounds:false;","false","false"
"176","Yondu","1","2","1","Eliminate a random Free Agent.","true","Hero:false;Villain:false;On-Reveal:true;Ongoing:false;Move:false;Discard:false;Destroy:true;Vanilla:false;Avenger:false;Hydra:false;Fantastic Four:false;X-Men:false;Guardians of the Galaxy:true;Spider-Man Rogues Gallery:false;Resists Wounds:false;","false","false"
"177","Zero","1","3","3","No Character Ploys occur this month.","true","Hero:true;Villain:false;On-Reveal:true;Ongoing:false;Move:false;Discard:false;Destroy:false;Vanilla:false;Avenger:false;Hydra:false;Fantastic Four:false;X-Men:false;Guardians of the Galaxy:false;Spider-Man Rogues Gallery:false;Resists Wounds:false;","false","false"
"178","Helicarrier","6","10","3","Each Faction may Wound one of their stationed Agents to gain 3 Free Mercs this month. If you control Helicarrier, this Ploy only applies to you.","true","Hero:false;Villain:false;On-Reveal:false;Ongoing:false;Move:false;Discard:true;Destroy:false;Vanilla:false;Avenger:true;Hydra:false;Fantastic Four:false;X-Men:false;Guardians of the Galaxy:false;Spider-Man Rogues Gallery:false;Resists Wounds:true;","false","false"
"179","Ironheart","3","0","1","Target 3 random Wounded Agents in either Faction. Heal their Wounds. If you control Ironheart, this Ploy only applies to you. ","true","Hero:true;Villain:false;On-Reveal:true;Ongoing:false;Move:false;Discard:false;Destroy:false;Vanilla:false;Avenger:false;Hydra:false;Fantastic Four:false;X-Men:false;Guardians of the Galaxy:false;Spider-Man Rogues Gallery:false;Resists Wounds:false;","false","false"
"180","Miles Morales","4","5","3","This month, you may only add stationed Agents to your Squad by using their Variants.","true","Hero:true;Villain:false;On-Reveal:false;Ongoing:false;Move:true;Discard:false;Destroy:false;Vanilla:false;Avenger:true;Hydra:false;Fantastic Four:false;X-Men:false;Guardians of the Galaxy:false;Spider-Man Rogues Gallery:false;Resists Wounds:false;","false","false"
"181","M'Baku","1","2","3","M’Baku is added to a random Squad. If you control M’Baku, this Agent is added to your opponent’s Squad this month.","true","Hero:false;Villain:true;On-Reveal:false;Ongoing:false;Move:false;Discard:false;Destroy:false;Vanilla:false;Avenger:false;Hydra:false;Fantastic Four:false;X-Men:false;Guardians of the Galaxy:false;Spider-Man Rogues Gallery:false;Resists Wounds:false;","false","false"
"182","Orka","6","11","3","This month, Locations can be Seized if you win the Location using only one Agent.","true","Hero:false;Villain:true;On-Reveal:false;Ongoing:true;Move:false;Discard:false;Destroy:false;Vanilla:false;Avenger:false;Hydra:false;Fantastic Four:false;X-Men:false;Guardians of the Galaxy:false;Spider-Man Rogues Gallery:false;Resists Wounds:false;","false","false"
"183","Attuma","4","10","3","This month, the Agent(s) with the highest POW placed in either Squad cannot be Wounded.","true","Hero:false;Villain:true;On-Reveal:false;Ongoing:false;Move:false;Discard:false;Destroy:true;Vanilla:false;Avenger:false;Hydra:false;Fantastic Four:false;X-Men:false;Guardians of the Galaxy:false;Spider-Man Rogues Gallery:false;Resists Wounds:false;","false","false"
"184","Bast","1","1","3","This month, all stationed Agents with less than 3 POW must be added to the Squad.","true","Hero:false;Villain:false;On-Reveal:true;Ongoing:false;Move:false;Discard:false;Destroy:false;Vanilla:false;Avenger:false;Hydra:false;Fantastic Four:false;X-Men:false;Guardians of the Galaxy:false;Spider-Man Rogues Gallery:false;Resists Wounds:false;","false","false"
"185","Valkyrie","5","3","3","All stationed Agents with exactly 3 POW must be added to the Squad this month.","true","Hero:true;Villain:false;On-Reveal:true;Ongoing:false;Move:false;Discard:false;Destroy:false;Vanilla:false;Avenger:false;Hydra:false;Fantastic Four:false;X-Men:false;Guardians of the Galaxy:false;Spider-Man Rogues Gallery:false;Resists Wounds:false;","false","false"
"186","Black Panther","5","4","3","Both Factions double their Influence this month.","true","Hero:true;Villain:false;On-Reveal:true;Ongoing:false;Move:false;Discard:false;Destroy:false;Vanilla:false;Avenger:true;Hydra:false;Fantastic Four:true;X-Men:false;Guardians of the Galaxy:false;Spider-Man Rogues Gallery:false;Resists Wounds:false;","false","false"
"187","Super-Skrull","4","2","3","This month, Factions gain 1 additional Influence for every 3 stationed Ongoing Agents. If you control Super-Skrull, this ploy only applies to you.","true","Hero:false;Villain:true;On-Reveal:false;Ongoing:true;Move:false;Discard:false;Destroy:false;Vanilla:false;Avenger:false;Hydra:false;Fantastic Four:false;X-Men:false;Guardians of the Galaxy:false;Spider-Man Rogues Gallery:false;Resists Wounds:false;","false","false"
"188","Shuri","4","2","3","Both Factions may immediately heal one of their Agent's Wounds. If you control Shuri, this effect only applies to you.","true","Hero:true;Villain:false;On-Reveal:true;Ongoing:false;Move:false;Discard:false;Destroy:false;Vanilla:false;Avenger:true;Hydra:false;Fantastic Four:false;X-Men:false;Guardians of the Galaxy:false;Spider-Man Rogues Gallery:false;Resists Wounds:false;","false","false"
"189","Kitty Pryde","1","2","5","Both Factions may return 3 of their Agents to HQ and station 1 Agent for each one returned. If you control Kitty Pryde, this effect only applies to you.","true","Hero:true;Villain:false;On-Reveal:false;Ongoing:false;Move:false;Discard:false;Destroy:false;Vanilla:false;Avenger:false;Hydra:false;Fantastic Four:false;X-Men:true;Guardians of the Galaxy:false;Spider-Man Rogues Gallery:false;Resists Wounds:false;","false","false"
"190","Shadow King","3","3","3","Factions cannot gain Influence from Location Effects this month. IF you control Shadow King, this effect only applies to your opponent.","true","Hero:false;Villain:true;On-Reveal:true;Ongoing:false;Move:false;Discard:false;Destroy:false;Vanilla:false;Avenger:false;Hydra:false;Fantastic Four:false;X-Men:false;Guardians of the Galaxy:false;Spider-Man Rogues Gallery:false;Resists Wounds:false;","false","false"
"191","Silver Surfer","3","2","3","All stationed 3-cost Agents must be added to both Squads this month.","true","Hero:false;Villain:false;On-Reveal:true;Ongoing:false;Move:false;Discard:false;Destroy:false;Vanilla:false;Avenger:false;Hydra:false;Fantastic Four:false;X-Men:false;Guardians of the Galaxy:false;Spider-Man Rogues Gallery:false;Resists Wounds:false;","false","false"
"192","Dazzler","4","4","3","This month, Locations may be seized if you win the Location and it is full on your side.","true","Hero:true;Villain:false;On-Reveal:false;Ongoing:true;Move:false;Discard:false;Destroy:false;Vanilla:false;Avenger:false;Hydra:false;Fantastic Four:false;X-Men:true;Guardians of the Galaxy:false;Spider-Man Rogues Gallery:false;Resists Wounds:false;","false","false"
"193","Ghost","1","2","3","This month, neither Faction can Investigate. If you control Ghost, this effect only applies to your opponent.","true","Hero:false;Villain:false;On-Reveal:false;Ongoing:true;Move:false;Discard:false;Destroy:false;Vanilla:false;Avenger:false;Hydra:false;Fantastic Four:false;X-Men:false;Guardians of the Galaxy:false;Spider-Man Rogues Gallery:false;Resists Wounds:false;","false","false"
"194","Sauron","3","3","3","This month, Factions must spend 1 Influence to add an Ongoing Agent to their Squad. If you control Sauron, this effect only applies to your opponent.","true","Hero:false;Villain:true;On-Reveal:true;Ongoing:false;Move:false;Discard:false;Destroy:false;Vanilla:false;Avenger:false;Hydra:false;Fantastic Four:false;X-Men:false;Guardians of the Galaxy:false;Spider-Man Rogues Gallery:false;Resists Wounds:false;","false","false"
"195","Sentry","4","10","3","Sentry launches a Raid on a random owned Location. If there is space, add The Void to it on the defense’s side.","true","Hero:true;Villain:false;On-Reveal:true;Ongoing:false;Move:false;Discard:false;Destroy:false;Vanilla:false;Avenger:true;Hydra:false;Fantastic Four:false;X-Men:false;Guardians of the Galaxy:false;Spider-Man Rogues Gallery:false;Resists Wounds:false;","false","false"
"196","Shanna","4","4","3","Both Factions gain 3 random 1-cost Mercs this month. If you control Shanna, this effect only applies to you.","true","Hero:true;Villain:false;On-Reveal:true;Ongoing:false;Move:false;Discard:false;Destroy:false;Vanilla:false;Avenger:false;Hydra:false;Fantastic Four:false;X-Men:false;Guardians of the Galaxy:false;Spider-Man Rogues Gallery:false;Resists Wounds:false;","false","false"
"197","M.O.D.O.K.","5","8","4","Eliminate all stationed Agents that are already Wounded.","false","Hero:false;Villain:true;On-Reveal:true;Ongoing:false;Move:false;Discard:true;Destroy:false;Vanilla:false;Avenger:false;Hydra:false;Fantastic Four:false;X-Men:false;Guardians of the Galaxy:false;Spider-Man Rogues Gallery:false;Resists Wounds:false;","false","false"
"198","Hit-Monkey","3","2","5","This month, only Agents with even cost or POW may be added to the Squad.","false","Hero:false;Villain:false;On-Reveal:true;Ongoing:false;Move:false;Discard:false;Destroy:false;Vanilla:false;Avenger:false;Hydra:false;Fantastic Four:false;X-Men:false;Guardians of the Galaxy:false;Spider-Man Rogues Gallery:false;Resists Wounds:false;","false","false"
"199","Nebula","1","1","5","This month, each Faction loses 2 Influence for each Agent in their Medbay.","false","Hero:false;Villain:true;On-Reveal:false;Ongoing:false;Move:false;Discard:false;Destroy:false;Vanilla:false;Avenger:false;Hydra:false;Fantastic Four:false;X-Men:false;Guardians of the Galaxy:true;Spider-Man Rogues Gallery:false;Resists Wounds:false;","false","false"
"200","Zabu","2","2","4","Both Factions must add as many stationed 4-cost Agents as possible to their Squad.","true","Hero:false;Villain:false;On-Reveal:false;Ongoing:true;Move:false;Discard:false;Destroy:false;Vanilla:false;Avenger:false;Hydra:false;Fantastic Four:false;X-Men:false;Guardians of the Galaxy:false;Spider-Man Rogues Gallery:false;Resists Wounds:false;","false","false"
"201","Galactus","6","7","5","Permanently destroy 3 random Locations. If you control Galactus, you choose the Locations.","false","Hero:false;Villain:true;On-Reveal:true;Ongoing:false;Move:false;Discard:false;Destroy:true;Vanilla:false;Avenger:false;Hydra:false;Fantastic Four:false;X-Men:false;Guardians of the Galaxy:false;Spider-Man Rogues Gallery:false;Resists Wounds:false;","false","false"
"202","Thanos","6","10","5","Thanos gains a random unowned Infinity Stone and occupies its Location. If you control Thanos, you gain that Location and Infinity Stone instead.","false","Hero:false;Villain:true;On-Reveal:false;Ongoing:false;Move:false;Discard:false;Destroy:false;Vanilla:false;Avenger:false;Hydra:false;Fantastic Four:false;X-Men:false;Guardians of the Galaxy:false;Spider-Man Rogues Gallery:false;Resists Wounds:false;","false","false"
"203","Ghost-Spider","1","2","5","Ghost-Spider Captures a random stationed Agent, stationing them in a random unowned Location. If you control Ghost-Spider, the target will be an enemy Agent.","false","Hero:true;Villain:false;On-Reveal:true;Ongoing:false;Move:true;Discard:false;Destroy:false;Vanilla:false;Avenger:false;Hydra:false;Fantastic Four:false;X-Men:false;Guardians of the Galaxy:false;Spider-Man Rogues Gallery:false;Resists Wounds:false;","false","false"
"204","Nimrod","5","6","4","This month, the first Agent that would be Wounded is Eliminated instead. If you control Nimrod, this effect only applies to your opponent.","false","Hero:false;Villain:true;On-Reveal:false;Ongoing:false;Move:false;Discard:false;Destroy:true;Vanilla:false;Avenger:false;Hydra:false;Fantastic Four:false;X-Men:false;Guardians of the Galaxy:false;Spider-Man Rogues Gallery:false;Resists Wounds:true;","false","false"
"205","Knull","6","0","4","Each Faction gains 1 Influence for each of their Eliminated Agents. If you control Knull, this effect only applies to you.","false","Hero:false;Villain:true;On-Reveal:false;Ongoing:true;Move:false;Discard:false;Destroy:false;Vanilla:false;Avenger:false;Hydra:false;Fantastic Four:false;X-Men:false;Guardians of the Galaxy:false;Spider-Man Rogues Gallery:false;Resists Wounds:false;","false","false"
"206","Stegron","4","5","4","Target one Location owned by each Player. Move a stationed Agent in each of those Locations to a random other Location. If they end up in an unowned Location, they gain ownership of it. If they end up at an enemy Location, a Raid occurs.","false","Hero:false;Villain:true;On-Reveal:true;Ongoing:false;Move:true;Discard:false;Destroy:false;Vanilla:false;Avenger:false;Hydra:false;Fantastic Four:false;X-Men:false;Guardians of the Galaxy:false;Spider-Man Rogues Gallery:false;Resists Wounds:false;","false","false"
"207","Jean Grey","3","3","5","Target a random Agent in each HQ. Those Agents must be added to their respective Squad(s) that month.","false","Hero:true;Villain:false;On-Reveal:false;Ongoing:true;Move:false;Discard:false;Destroy:false;Vanilla:false;Avenger:false;Hydra:false;Fantastic Four:false;X-Men:true;Guardians of the Galaxy:false;Spider-Man Rogues Gallery:false;Resists Wounds:false;","false","false"
"208","Phoenix Force","4","5","5","Phoenix Force - Revive an Agent from any Grave. That Agent becomes a Captain. If you control Phoenix Force, it will be an Agent from your Grave.","false","Hero:false;Villain:false;On-Reveal:true;Ongoing:false;Move:true;Discard:false;Destroy:false;Vanilla:false;Avenger:false;Hydra:false;Fantastic Four:false;X-Men:false;Guardians of the Galaxy:false;Spider-Man Rogues Gallery:false;Resists Wounds:false;","false","false"
"209","Jeff the Baby Land Shark","2","3","5","Jeff launches a Raid on a random Location. If Jeff loses, Jeff raids another Location with an additional Merc. This continues until Jeff wins. Jeff cannot be Wounded from these Raids.","false","Hero:false;Villain:false;On-Reveal:false;Ongoing:false;Move:true;Discard:false;Destroy:false;Vanilla:false;Avenger:false;Hydra:false;Fantastic Four:false;X-Men:false;Guardians of the Galaxy:false;Spider-Man Rogues Gallery:false;Resists Wounds:false;","false","false"
"210","Snowguard","1","2","4","Factions may choose one of their owned Locations to negate an Upset effect or activate it twice. If you control Snowguard, this effect only applies to you.","false","Hero:true;Villain:false;On-Reveal:true;Ongoing:false;Move:false;Discard:false;Destroy:false;Vanilla:false;Avenger:false;Hydra:false;Fantastic Four:false;X-Men:false;Guardians of the Galaxy:false;Spider-Man Rogues Gallery:false;Resists Wounds:false;","false","false"
"211","The Living Tribunal","6","9","5","This month, add the total combined Influence from both Factions and divide it equally between the two. This Ploy cannot be negated.","false","Hero:false;Villain:false;On-Reveal:false;Ongoing:true;Move:false;Discard:false;Destroy:false;Vanilla:false;Avenger:false;Hydra:false;Fantastic Four:false;X-Men:false;Guardians of the Galaxy:false;Spider-Man Rogues Gallery:false;Resists Wounds:false;","false","false"
"212","Darkhawk","4","0","5","This month, both Factions gain 1 Influence for each Agent in the enemy Faction’s HQ.","false","Hero:true;Villain:false;On-Reveal:false;Ongoing:true;Move:false;Discard:false;Destroy:false;Vanilla:false;Avenger:false;Hydra:false;Fantastic Four:false;X-Men:false;Guardians of the Galaxy:false;Spider-Man Rogues Gallery:false;Resists Wounds:false;","false","false"
"213","Howard the Duck","1","2","5","This month, when purchasing Investigation with Influence, Faction may investigate an additional Location. If you control Howard, this effect only applies to you.","false","Hero:false;Villain:false;On-Reveal:false;Ongoing:true;Move:false;Discard:false;Destroy:false;Vanilla:false;Avenger:false;Hydra:false;Fantastic Four:false;X-Men:false;Guardians of the Galaxy:false;Spider-Man Rogues Gallery:false;Resists Wounds:false;","false","false"
"214","Kang","5","0","5","Select another Character Ploy and reveal it to both Players. Restart the Deploy phase. The chosen Character Ploy will be the one revealed this month.","false","Hero:false;Villain:true;On-Reveal:true;Ongoing:false;Move:false;Discard:false;Destroy:false;Vanilla:false;Avenger:false;Hydra:false;Fantastic Four:false;X-Men:false;Guardians of the Galaxy:false;Spider-Man Rogues Gallery:false;Resists Wounds:true;","false","false"
"215","Negasonic Teenage Warhead","3","5","4","Wounds cannot be healed this month.","false","Hero:true;Villain:false;On-Reveal:false;Ongoing:false;Move:false;Discard:false;Destroy:true;Vanilla:false;Avenger:false;Hydra:false;Fantastic Four:false;X-Men:true;Guardians of the Galaxy:false;Spider-Man Rogues Gallery:false;Resists Wounds:false;","false","false"
"216","Iron Lad","4","6","5","This month, Factions may exchange one of their Mercs with one of their Recruits. If you control Iron Lad, this Ploy only applies to you.","false","Hero:true;Villain:false;On-Reveal:true;Ongoing:false;Move:false;Discard:false;Destroy:false;Vanilla:false;Avenger:false;Hydra:false;Fantastic Four:false;X-Men:false;Guardians of the Galaxy:false;Spider-Man Rogues Gallery:false;Resists Wounds:false;","false","false"
"217","Master Mold","2","2","4","All available spaces in owned Locations are filled with Sentinels this month.","false","Hero:false;Villain:true;On-Reveal:true;Ongoing:false;Move:false;Discard:false;Destroy:false;Vanilla:false;Avenger:false;Hydra:false;Fantastic Four:false;X-Men:false;Guardians of the Galaxy:false;Spider-Man Rogues Gallery:false;Resists Wounds:false;","false","false"
"218","Spider-Ham","2","2","4","Target 3 random stationed Agents this Month. Those Agents become Pigs. Pigs cannot be added to the Squad and must be Healed in the Medbay to be restored to normal. If you control Spider-Ham, only the enemy Faction will be targeted by this Ploy.","false","Hero:true;Villain:false;On-Reveal:true;Ongoing:false;Move:false;Discard:false;Destroy:false;Vanilla:false;Avenger:false;Hydra:false;Fantastic Four:false;X-Men:false;Guardians of the Galaxy:false;Spider-Man Rogues Gallery:false;Resists Wounds:false;","false","false"
"219","Stature","5","6","4","Both Factions choose an Agent to Wound. The Faction that Wounds the Agent with the highest POW gains additional Influence this month equal to the difference in POW.","false","Hero:true;Villain:false;On-Reveal:false;Ongoing:false;Move:false;Discard:true;Destroy:false;Vanilla:false;Avenger:false;Hydra:false;Fantastic Four:false;X-Men:false;Guardians of the Galaxy:false;Spider-Man Rogues Gallery:false;Resists Wounds:false;","false","false"
"220","High Evolutionary","4","4","5","Every Vanilla Free Agent launches a Raid on a random Location. If successful, they station a random Agent there and Raid another random Location. This Ploy continues until they either station all Agents or fail the Raid.","false","Hero:false;Villain:true;On-Reveal:false;Ongoing:false;Move:false;Discard:false;Destroy:false;Vanilla:false;Avenger:false;Hydra:false;Fantastic Four:false;X-Men:false;Guardians of the Galaxy:false;Spider-Man Rogues Gallery:false;Resists Wounds:false;","false","false"
"221","Echo","1","2","5","No Ongoing Agents may be added to Squads this month.","false","Hero:true;Villain:false;On-Reveal:false;Ongoing:false;Move:false;Discard:false;Destroy:false;Vanilla:false;Avenger:true;Hydra:false;Fantastic Four:false;X-Men:false;Guardians of the Galaxy:false;Spider-Man Rogues Gallery:false;Resists Wounds:false;","false","false"
"222","Silk","2","5","5","Any Agent that moves this month is automatically added to its respective Squad.","false","Hero:true;Villain:false;On-Reveal:false;Ongoing:false;Move:true;Discard:false;Destroy:false;Vanilla:false;Avenger:false;Hydra:false;Fantastic Four:false;X-Men:false;Guardians of the Galaxy:false;Spider-Man Rogues Gallery:false;Resists Wounds:false;","false","false"
"223","Spider-Man 2099","4","6","4","Every Agent that moves to a different Location this month is Wounded.","false","Hero:true;Villain:false;On-Reveal:false;Ongoing:false;Move:true;Discard:false;Destroy:true;Vanilla:false;Avenger:false;Hydra:false;Fantastic Four:false;X-Men:false;Guardians of the Galaxy:false;Spider-Man Rogues Gallery:false;Resists Wounds:false;","false","false"
